Country,Country Code,1990,1991,1992,1993,1994,1995,1996,1997,1998,1999,2000,2001,2002,2003,2004,2005,2006,2007,2008,2009,2010,2011,2012,2013,2014,2015,2016,2017
Afghanistan,AFG,1221.0340999999999,1222.3370999999997,1223.9378,1225.4742,1226.5264,1227.9153,1228.9825,1229.9723999999999,1231.0681000000002,1232.5516999999998,1234.4188000000001,1240.2043999999999,1250.7362999999998,1263.1192999999998,1275.1162999999997,1284.0438000000001,1292.0187999999996,1301.1850000000002,1309.6163999999999,1316.1597,1319.4832000000001,1320.0657,1320.973,1321.2531999999999,1320.6869000000002,1319.3654999999999,1316.9501,1313.5368
Albania,ALB,869.3779,869.316,869.4294000000001,869.5,869.9079,870.4650999999999,870.9751,871.1994000000001,871.446,871.9618999999999,872.7973000000002,874.7091000000001,877.5866,880.8502,884.1428999999999,886.6323000000001,889.1888999999999,892.1781,895.2343000000002,897.9756000000002,899.6133000000002,900.4752000000002,901.4843000000002,902.2698999999999,902.8380999999999,903.1962,903.2213,902.8779000000001
Algeria,DZA,1183.988,1184.281,1184.9502,1185.7655,1186.6856,1188.2529,1190.1916,1192.2127,1194.4116,1196.1925,1197.7009,1199.2074,1201.471,1203.8336,1206.1342,1208.1207999999997,1210.1381,1212.772,1215.514,1218.4348999999997,1220.4418999999998,1222.1509,1223.7608,1225.8673,1227.8533,1229.8015,1231.8642,1233.9590999999998
American Samoa,ASM,900.4008000000001,900.3326999999997,900.164,900.3619,900.5125,900.7178000000001,901.0377,901.3153,901.5548000000001,901.9261,901.8312000000001,901.7759,901.4507000000001,901.0458,900.9854,900.9449000000001,901.5170999999999,902.4826999999999,903.5213,904.6450999999998,905.1448000000003,905.3518999999999,905.5828,905.8606,906.0295,906.0589,906.3046,906.5250000000001
Andean Latin America,,,,,,,,,,,,,,,,,,,,,,,,,,,,,
Andorra,AND,1286.7117000000003,1285.9053,1286.2158000000002,1285.4592999999998,1286.9918,1288.9267000000002,1290.8055,1291.5442000000003,1293.5289,1295.274,1296.9488,1298.7052,1299.7742,1300.1774,1300.0429,1300.4956000000002,1300.3120000000001,1300.3196,1300.8821999999998,1301.7333,1302.2660999999998,1305.7548000000002,1306.2591000000002,1306.7477999999999,1307.1883,1307.0566999999999,1306.8757,1307.2425
Angola,AGO,1031.2436,1032.0171,1032.6712,1033.2398,1033.5072,1033.4891000000002,1033.1248,1032.2663999999997,1031.4223,1030.1786,1029.5149000000001,1028.6975999999997,1027.4264,1026.315,1025.4001999999998,1024.9756,1025.2849999999999,1025.5905999999998,1026.2281,1026.5548000000001,1027.3659,1028.0561000000002,1028.7893000000001,1029.8229999999996,1030.3745,1031.2293000000002,1031.8229000000003,1032.5531
Antigua and Barbuda,ATG,1141.45,1142.8795,1144.0489,1145.3030999999999,1146.4622,1147.3373000000001,1148.334,1149.4351000000001,1150.3330999999998,1150.9089999999999,1151.6398,1152.4850000000001,1153.6773999999998,1154.8629999999998,1155.9575,1156.5422999999998,1156.3394000000003,1155.7984,1155.1835999999998,1154.5993,1154.3502999999998,1154.4359999999997,1154.9084,1155.1510999999998,1155.7301,1156.4977,1157.7562000000003,1159.0807
Argentina,ARG,1384.7246,1397.3375999999998,1409.0582,1418.8817000000001,1426.3078999999998,1430.2703,1432.3183999999999,1433.8393999999998,1434.9492,1436.2428,1437.1539,1438.3594999999998,1440.076,1441.6569000000002,1442.8431,1442.7837000000002,1438.3544000000002,1429.1526,1418.4669,1409.5375,1406.0661000000002,1406.2195,1407.0497999999998,1408.1774,1409.7540999999999,1411.4935,1413.6014,1415.8085
Armenia,ARM,887.9747999999998,887.2591000000001,886.4512999999998,885.5092,884.6799000000001,884.0274000000002,883.2315999999998,881.9872999999999,880.5387000000001,879.3564999999999,878.2361,876.7699,874.5987,872.6624999999999,871.1370999999999,871.2036999999999,873.0608000000001,875.8344,878.8947000000001,881.8021999999999,883.4106,884.4498000000001,885.5034999999998,886.6016999999999,887.66,888.5902,889.3248,889.8747
Australasia,,,,,,,,,,,,,,,,,,,,,,,,,,,,,
Australia,AUS,1682.2341000000001,1696.8743,1710.0143,1721.3553000000002,1729.8268999999996,1734.842,1736.9628999999998,1738.6175,1739.6108000000002,1741.0046999999997,1743.1914000000002,1746.4339,1750.0685999999998,1753.7703,1755.7364,1755.0653000000002,1752.8314,1748.9929,1744.6365000000003,1741.3425000000002,1739.2920999999997,1738.8590000000002,1739.0401,1739.5294,1740.9199,1742.6032,1744.964,1748.3763000000001
Austria,AUT,1320.3499000000002,1322.5925,1325.0414999999998,1327.3650999999998,1329.3499,1331.1868000000002,1333.5422000000003,1335.6134,1337.7834,1339.0340999999996,1339.3990000000003,1338.9775000000002,1338.4048,1337.7573999999997,1337.1361999999997,1336.6948,1336.6982999999998,1337.1317,1337.4752999999998,1337.8117,1337.4933999999998,1336.6531,1335.2432999999999,1333.2029,1330.4311000000002,1327.4224,1323.9145999999998,1320.0291
Azerbaijan,AZE,878.3944,878.1884,877.8997,877.3763000000001,876.9852999999999,876.3306000000001,875.2597,873.6504000000001,872.1042,870.8272999999999,870.4634,870.6773000000003,871.0394,871.5482,872.8460000000002,874.5346999999999,877.4757,882.1632999999999,887.3669999999998,892.1199,894.9445000000002,897.0696,899.0161,901.0490000000002,902.6344,904.1353999999999,905.3936,906.2362999999999
Bahamas,BHS,1149.3325,1150.2182,1151.1883999999998,1152.1265,1153.0201,1153.6703,1154.4850999999999,1155.7581000000002,1157.2155999999998,1158.5144000000003,1159.5223,1160.8503999999998,1162.5432,1164.5604,1166.0846999999999,1166.7864,1166.2159000000001,1165.1011999999998,1163.6232,1162.4477000000002,1161.9131,1161.9674,1162.1038999999998,1162.4814,1162.9017,1163.8125,1164.9738,1166.253
Bahrain,BHR,1253.3790999999999,1259.0222,1264.1500999999998,1268.741,1272.4534,1274.7157,1276.5415999999998,1277.8872,1278.9080999999999,1279.6950000000004,1279.9754999999998,1278.3371000000002,1273.806,1267.4908,1260.6190000000001,1255.4394000000002,1252.0077,1248.5869,1245.2557000000004,1241.9431,1238.9554,1236.7094,1235.3348,1233.6218999999999,1232.0101,1230.4604000000002,1229.3181000000002,1228.9146
Bangladesh,BGD,1108.9418,1106.0735,1104.3317,1103.2618,1102.7253999999998,1102.5901,1104.4334999999999,1108.212,1113.2332000000001,1117.7928,1120.2576999999999,1121.6428,1123.2133,1125.2267000000002,1126.7851,1128.1534,1129.5073,1131.0854000000002,1132.6025,1134.1788,1135.9169000000002,1137.0185,1137.7943,1137.8417,1137.5763,1136.8712,1135.788,1134.3591
Barbados,BRB,1118.9702,1119.3431,1119.4981,1120.1197,1120.6126,1121.0784999999998,1121.6540999999997,1122.8446999999999,1124.0599,1125.0669000000003,1125.8254000000002,1126.5330000000001,1127.6116999999997,1128.5989999999997,1129.4904,1130.2588999999998,1130.722,1131.6761,1132.0982999999999,1132.782,1133.0987000000002,1132.9754,1132.7418,1132.717,1132.479,1132.2937,1131.9242,1131.6902
Belarus,BLR,1349.7419,1361.7423000000003,1372.5906,1382.4541000000004,1390.8683999999998,1397.0593,1402.1717,1407.863,1413.2431,1417.3047,1419.6735,1421.1279,1422.6917000000003,1424.5524,1426.1919000000003,1427.5597,1429.4702999999997,1432.3868999999997,1435.1915999999999,1437.1521,1438.0677000000003,1437.4431000000002,1436.2120999999997,1434.3477000000003,1431.7541999999996,1428.6463999999999,1424.7729000000002,1419.9934
Belgium,BEL,1279.3269000000003,1281.2995000000003,1283.799,1286.1428,1288.4529,1290.4383,1293.0894,1297.1536000000003,1302.4679,1307.2640000000001,1311.7889000000002,1315.9214,1320.0423,1323.8913000000002,1327.2389999999998,1330.6220999999998,1332.9397999999999,1334.3061999999998,1335.2303000000002,1335.4280999999999,1335.6635999999999,1336.1902000000002,1336.9543,1337.9792000000004,1338.7263,1339.737,1340.7,1342.0022
Belize,BLZ,1083.1961,1088.3745,1093.5600000000002,1098.0834,1102.2415,1105.7213,1108.9437000000003,1112.9182999999998,1117.0856999999999,1120.3942,1122.9544999999998,1124.6618,1126.6761999999999,1128.6085999999998,1130.4015,1131.4260000000002,1131.6419,1131.0571,1130.4850000000001,1129.9326,1129.8518000000001,1130.0810999999999,1130.7729000000002,1131.5262,1132.4618,1133.6526,1134.6799,1136.3299
Benin,BEN,875.5023000000002,876.4153,877.1193,878.0003000000002,878.7311000000001,879.5913000000002,880.9647,882.1721000000002,883.5963,884.8966999999999,886.0276,886.9049999999999,888.1544999999999,889.0741999999999,890.0478,890.6191000000001,890.9254000000001,891.4450999999999,891.6365999999999,892.0418,892.5304999999998,892.7011,893.1757999999998,893.4615,893.9451000000001,894.6898,895.2776000000001,896.0135999999999
Bermuda,BMU,1170.145,1170.9848,1171.8452,1172.5447000000001,1173.0876,1173.4579999999999,1173.4508,1172.5300999999997,1171.3763000000001,1170.1328999999998,1169.0926,1168.1862,1167.2691,1166.2594000000001,1165.3102000000001,1164.5138,1163.8111999999999,1163.5699000000002,1163.4869,1163.1632,1162.6973,1161.9820000000002,1161.2489,1160.3634,1159.3246,1158.5671,1157.7076999999997,1156.6994
Bhutan,BTN,1073.9412,1072.9452,1072.2234999999998,1071.4683000000002,1071.1897999999999,1070.7534,1070.7663,1070.9395,1071.5349,1072.1229,1072.8598,1075.2812000000001,1080.0096999999998,1085.8518000000001,1091.1303,1094.3595999999998,1095.7751999999998,1096.9072,1098.0703999999998,1099.6238999999998,1101.6169,1103.7919,1106.2372,1108.5714,1110.8986,1113.4766000000002,1116.1711,1118.5976999999998
Bolivia,BOL,1126.6002999999998,1129.9728999999998,1132.6993,1134.7866,1136.278,1136.7624999999998,1136.8419,1136.394,1135.6873999999998,1134.6177,1133.3139,1131.2242999999999,1128.5329000000002,1125.7044,1123.5724,1122.2102,1121.8528,1121.7135,1122.1132999999998,1122.4092,1122.3328999999999,1122.1038,1121.7151000000001,1121.1176999999998,1120.204,1119.2248,1118.1142,1117.1035
Bosnia and Herzegovina,BIH,1023.8886000000001,1024.1198000000002,1023.9574,1023.7891000000001,1023.4908,1023.2877999999998,1022.7377000000001,1021.3236,1019.7912000000001,1018.2014999999999,1017.3674000000001,1016.8165999999999,1016.2443999999999,1015.1900999999999,1014.3573,1013.2949,1012.3409000000001,1011.7733,1011.8142999999999,1011.7932000000001,1011.3492999999999,1010.7589999999998,1010.2189999999998,1009.7,1009.2053,1008.6201000000002,1008.0001000000001,1007.5661999999999
Botswana,BWA,1057.0863,1060.9018,1064.2282000000002,1067.442,1070.4698,1073.1125000000002,1075.74,1078.7409000000002,1081.5049999999999,1084.0106,1085.299,1085.4832000000001,1085.087,1084.2910000000002,1083.8025,1083.6825,1084.6055999999999,1086.1704000000002,1087.8787,1089.4560999999999,1090.2512,1090.3696,1090.4258,1090.4798,1090.4449,1090.2467,1089.6561000000004,1089.0161
Brazil,BRA,1399.1260000000002,1399.3479,1401.1667,1404.1021999999998,1407.6282,1411.3191999999997,1425.9333,1456.2654,1492.4436999999998,1524.6934,1543.4149000000002,1551.7883,1559.2693,1565.2023,1569.0228,1570.1299000000001,1565.4284999999998,1554.6856,1541.2907,1528.6254,1520.3366,1514.7879,1508.4124000000002,1501.3333,1493.7565,1485.9086,1478.0311,1470.131
Brunei,BRN,925.1672,923.8587,923.1462,922.9005000000001,922.7393,923.1389999999999,924.0168999999999,924.9375,926.0287999999998,926.7338,927.363,927.8479999999997,928.0963000000003,928.147,927.9921000000002,928.0490000000001,927.4857000000001,926.9449000000001,926.4045,925.9031000000001,925.8504,925.9862000000002,926.3168999999999,927.0003,927.7540999999999,928.9850000000001,930.4934,932.0577999999999
Bulgaria,BGR,985.0824,986.05,986.6202000000001,986.8128999999998,986.7728,986.3867000000001,984.5989000000001,980.9604,976.4566,972.2948000000001,969.7683999999999,968.3782000000001,966.9602000000001,965.4522999999999,964.3235999999999,963.3883999999998,963.3549999999999,964.1873,965.7089999999997,966.9384,967.4549999999999,967.3019999999999,967.6425999999999,967.9556,968.2166000000002,968.6581999999997,968.8780999999999,969.1419000000001
Burkina Faso,BFA,879.4080000000001,877.4024,875.6709000000002,874.0943000000002,872.9233,872.3589999999999,872.0066999999999,871.9813000000001,872.0858999999999,872.4040000000001,872.5944000000001,873.387,874.9597000000001,876.7030000000001,878.2443000000001,879.0882999999998,879.1004999999999,878.8410000000001,878.3399000000001,877.9168000000001,878.0022,878.7488000000001,880.0784999999998,881.9075,884.1330999999999,887.0296000000001,890.1999,894.0525000000002
Burundi,BDI,1084.2547,1085.4024,1085.9233,1085.8801,1085.453,1084.6338,1082.4697,1078.4339,1073.3036,1067.8589000000002,1063.1128,1058.5111,1053.4071999999999,1048.1037999999999,1043.5648,1039.4901999999997,1035.8556000000003,1032.1791999999998,1028.9678999999999,1026.2067,1024.7535,1023.6079,1023.0488,1022.3897999999998,1022.4154000000001,1022.4498000000001,1022.8654000000001,1023.4619
Cambodia,KHM,854.8451,857.3313999999998,859.2665000000001,861.0320999999999,862.0295,862.6502000000002,862.6950000000002,862.1969999999998,861.571,860.9652000000001,860.4750000000001,859.8630999999998,859.5930999999999,859.2289000000003,859.1142999999998,858.9212,858.7917,858.8234,858.9265000000001,859.0996000000002,859.2237000000001,859.4836,859.8416999999998,860.3579999999998,860.722,861.352,861.7946000000002,862.5631999999999
Cameroon,CMR,891.8213,893.6286000000001,895.4798999999999,897.3623000000001,898.8240999999998,900.5335,902.1886000000001,904.3093000000001,906.4546000000001,908.4629,909.6275999999999,910.4986000000001,911.4463000000001,912.0952000000002,912.7052000000001,913.1001,913.6212,914.6979,915.9544,917.1929999999999,917.6977,918.0384000000001,918.2658999999999,918.5644,919.0664999999999,919.3468999999999,919.7769999999999,919.9346
Canada,CAN,1443.1693999999998,1444.1359000000004,1446.2486,1449.1516000000001,1452.5927,1456.1383,1457.5357999999999,1455.0378,1451.1406,1447.7851,1446.7449,1446.5756,1444.4258999999997,1441.3869000000002,1438.3073999999995,1435.9326999999998,1435.0668,1435.049,1435.691,1436.1836000000003,1435.8192999999999,1435.6989,1436.7038999999997,1438.7519999999997,1441.7919,1445.8247000000001,1450.9749,1457.0481
Cape Verde,CPV,916.9090000000001,920.1724000000002,923.6864,927.1655000000001,930.7378000000001,934.4381000000001,938.6206999999999,943.3541999999999,948.5101,953.3032999999999,956.9949999999999,960.5183,964.2848,968.0833000000002,971.0732999999999,972.9654999999999,974.2654999999999,975.2912000000002,976.0875,976.8140000000002,977.2266000000003,977.4128,977.7136000000002,978.0575999999998,978.2796,978.5676000000003,978.7089,978.9023
Caribbean,,,,,,,,,,,,,,,,,,,,,,,,,,,,,
Central African Republic,CAF,1028.1166,1030.0996,1031.6741000000002,1033.2307999999998,1034.1934,1034.5869999999998,1034.4758000000002,1033.9386,1032.9805999999999,1032.3094999999998,1031.5040000000001,1030.3894,1029.0662,1027.7314999999999,1026.6063,1025.6113,1025.0372000000002,1024.3756,1023.7303,1023.2988999999999,1022.9884999999999,1022.8524,1022.6903000000002,1022.4626000000001,1022.5055,1022.2028999999999,1021.8437,1021.7433
Central Asia,,,,,,,,,,,,,,,,,,,,,,,,,,,,,
Central Europe,,,,,,,,,,,,,,,,,,,,,,,,,,,,,
"Central Europe, Eastern Europe, and Central Asia",,,,,,,,,,,,,,,,,,,,,,,,,,,,,
Central Latin America,,,,,,,,,,,,,,,,,,,,,,,,,,,,,
Central Sub-Saharan Africa,,,,,,,,,,,,,,,,,,,,,,,,,,,,,
Chad,TCD,894.5698000000001,895.0364,895.6409,896.0896999999998,896.6462,896.9794999999998,898.9165,902.6680000000001,907.2976999999998,911.1659,913.5491999999999,914.2216999999999,915.0847000000002,915.5088999999999,915.9998000000002,915.9765999999997,915.7415000000001,915.2559,914.7275000000001,914.1031,913.6031999999999,913.0905,912.4721999999999,911.7998000000001,910.6464,909.8342000000001,908.7958,907.961
Chile,CHL,1503.7893000000001,1504.4041,1505.1961000000003,1506.6326999999999,1508.6067999999998,1510.652,1515.1023000000002,1522.7239000000002,1531.3911,1538.6499000000001,1542.7499,1544.7875,1546.965,1549.0942,1550.8182000000002,1551.6711,1549.3203999999998,1543.4847000000002,1536.8582999999999,1531.6357,1529.9740000000002,1531.2905999999998,1532.7776000000001,1534.4273,1536.391,1538.6471999999999,1541.3155000000002,1544.4571
China,CHN,955.1173,958.7536000000001,962.1161000000001,964.9139999999998,966.9636999999999,967.9804000000001,969.7565000000001,973.4162,977.3464,980.1695,980.3404,977.1948,972.0245,966.0456999999999,960.6605,957.1094,956.2013000000001,957.2409999999999,959.0739,960.6389,960.7905000000002,959.8319999999999,958.6910999999999,957.3446000000001,955.7391000000001,953.9660000000001,951.9363000000002,949.6789
Colombia,COL,840.0654,842.8679000000002,846.0439,849.1688999999998,852.5054,855.9534999999998,860.6669,867.1063999999999,874.1179000000002,880.2171999999999,883.8679,886.3223,888.8401,891.6575,894.2866999999999,896.7481,896.5401,893.2778000000001,888.4070000000003,883.8575999999999,881.7781,881.0625,880.5523,880.318,879.7631,879.1594,878.5825,878.1376
Comoros,COM,987.0494000000002,988.5721,989.7024999999999,990.3098999999999,990.7826,990.7797999999999,990.0020000000001,988.0646,985.4939,983.0564000000002,981.6901,980.9288999999999,980.7218000000001,980.8589,980.9715999999999,980.9952,980.7193,980.5764,980.5379000000001,980.6364,981.0593999999998,981.7897000000002,982.757,984.2662999999999,985.8627,988.1066999999999,990.7451000000001,993.6063999999999
Congo,COG,1057.699,1058.7771000000002,1059.7695999999999,1060.5185000000001,1060.4571,1060.665,1060.8734,1060.9487,1060.6249999999998,1059.6621999999998,1057.8985,1055.0297999999998,1052.1173999999999,1048.9820000000002,1045.9886,1043.2411000000002,1040.7957,1038.4017,1035.9957,1033.954,1032.3957,1031.0152,1029.7918999999997,1028.5306,1027.2209,1025.7547000000002,1024.4996,1023.3912
Costa Rica,CRI,901.6944000000001,902.0808,902.6439000000001,903.3065000000001,903.9442,904.7321,905.7416999999999,906.9796999999999,908.2000000000002,909.3534000000001,910.6185999999999,912.323,914.304,916.6024000000002,918.9066,920.7572,922.8234999999999,925.2055999999999,927.6865999999999,930.1759999999999,932.0969,933.5285,935.1958000000001,936.6775000000001,938.4577999999999,940.3600999999999,942.1312999999999,944.0151999999999
Cote d'Ivoire,CIV,852.6677000000001,854.7318999999999,856.5035000000001,857.9890999999999,859.0928,859.929,860.0336000000001,859.3185000000001,858.1599999999999,857.1967000000001,856.4899999999999,856.5030999999999,856.4187000000001,856.6721000000001,856.5466000000001,856.5193000000002,856.0514,855.6336999999999,855.1406000000001,854.6919,854.2982999999998,854.4660000000001,855.3875000000002,856.6470999999999,858.2585000000003,860.4065999999999,862.9286000000001,865.8096999999999
Croatia,HRV,1038.1200999999999,1038.9056,1039.2294,1039.2983,1039.1680000000001,1039.0596,1037.424,1033.8301,1029.7928000000002,1025.963,1023.3489999999999,1022.5402,1022.7882,1023.7330999999998,1024.4589,1024.6687,1024.6385,1024.7093,1024.9437,1024.8743,1024.7889,1024.2699,1023.5296999999998,1022.5975999999999,1021.5658,1020.0604000000001,1018.4625,1016.8046999999999
Cuba,CUB,1239.6509,1240.7424,1241.0584,1240.9564,1240.3415,1239.2238000000002,1236.5830999999998,1231.3554000000001,1224.7298,1218.1041,1212.4949,1207.7165000000005,1203.1342000000004,1198.6804,1194.9585,1191.7061999999999,1188.8980999999999,1186.9664999999998,1185.5409999999997,1184.7254,1184.4477,1184.3563,1184.5013,1184.7475,1184.9782999999998,1185.4115,1185.8443,1186.6497000000002
Cyprus,CYP,1188.4153,1186.8913999999997,1185.6305,1184.8455,1184.2677999999999,1184.3762,1185.2081,1186.0009,1187.2009,1188.2902000000001,1189.1378,1190.3844000000001,1191.2947,1192.2065,1193.0929999999998,1193.9596,1194.4402999999998,1194.9429,1195.2056,1195.2635000000002,1195.2704,1195.6598999999999,1195.9446,1196.8655999999999,1197.8137,1199.0273000000002,1200.542,1201.9859000000001
Czech Republic,CZE,1012.7764,1014.3570999999998,1015.4839000000002,1016.3576000000002,1016.8464999999999,1017.1505000000003,1017.0062000000001,1016.7839000000001,1016.5898000000001,1016.3854,1016.5442999999999,1017.9980999999999,1021.0302,1024.9190999999998,1028.0787,1030.1270000000002,1031.3729999999998,1032.8638,1034.3057999999999,1035.4508,1036.093,1036.3007,1036.5873,1036.7969,1037.0436,1037.236,1037.1410999999998,1036.8357
Democratic Republic of Congo,COD,1007.405,1006.8856999999999,1006.1527999999997,1005.6233000000001,1004.7599999999998,1003.9224,1002.4014000000001,1000.3303000000001,998.1018,996.0641000000002,994.3208,992.8702999999999,991.0237999999999,989.6306,988.2184000000001,987.3540999999999,986.6848999999997,985.9841,985.4972,985.0315999999999,985.1182,985.4954,986.1689,987.2095000000002,988.1392000000003,989.7387000000002,991.5626,993.8215
Denmark,DNK,1329.5412000000001,1330.8709,1331.7436999999998,1332.4343,1332.6014,1332.8432999999998,1331.3378,1327.4682999999998,1322.2379,1317.3792,1313.9404000000002,1311.6451000000002,1309.9074,1308.4025,1307.1054,1306.1271000000002,1305.1539,1304.5110999999997,1304.3080000000002,1304.4263,1304.1779000000004,1304.1445,1303.8546000000001,1303.8489999999997,1303.6575,1303.5719000000001,1303.3054,1303.2189999999998
Djibouti,DJI,1012.1045000000003,1012.1855,1012.0440000000001,1012.3159999999999,1012.4513000000001,1012.4423,1012.8391,1013.1431,1013.4083,1013.8496999999999,1014.1222,1014.1505000000001,1013.8358000000001,1013.5549,1013.3347000000001,1013.3665000000001,1013.4079,1013.1472,1013.1243000000001,1013.2184,1013.7245999999998,1014.5807,1015.9548999999997,1017.5814999999999,1019.2226000000002,1021.4202,1024.082,1026.8326
Dominica,DMA,1112.372,1115.3405,1118.3472,1120.8969,1123.0739,1124.5381,1125.6064000000001,1126.8124,1128.1116000000002,1129.3371,1130.5839,1131.9200999999998,1133.5825,1135.6924,1137.4594,1138.5863999999997,1139.107,1139.3277,1139.5879000000002,1139.8924,1140.3003,1140.9964,1142.2140000000002,1143.8143,1145.7753,1148.1469999999997,1150.6979,1153.6655
Dominican Republic,DOM,1093.0998,1095.1825,1097.1598,1098.9755,1100.5621,1101.9803,1103.6204,1106.1148,1108.4746,1110.5458999999998,1111.388,1111.1672,1110.8745,1110.4414000000002,1110.221,1110.4997999999998,1111.4396,1112.8965,1114.8060999999998,1116.4345000000003,1117.4617,1117.8453,1118.1789999999999,1118.5381000000002,1118.77,1118.9856,1118.8432,1118.6852999999999
East Asia,,,,,,,,,,,,,,,,,,,,,,,,,,,,,
Eastern Europe,,,,,,,,,,,,,,,,,,,,,,,,,,,,,
Eastern Sub-Saharan Africa,,,,,,,,,,,,,,,,,,,,,,,,,,,,,
Ecuador,ECU,1104.3564999999999,1103.4997999999998,1102.5018,1101.7528000000002,1101.2245,1101.205,1101.0524,1100.8479,1100.9288,1100.8983999999998,1100.8467999999998,1101.6182,1103.7866000000001,1106.5100000000002,1109.096,1110.888,1111.4930000000002,1112.1655,1112.6549,1113.1172,1113.4270000000001,1113.5007,1113.4428,1113.2595000000001,1112.7952000000002,1112.2133000000001,1111.5939999999998,1110.7758000000001
Egypt,EGY,1043.3277,1044.3956999999998,1045.2703,1046.1538,1046.8852000000002,1047.4548999999997,1046.2060000000001,1042.3843,1037.7143999999998,1033.9289,1032.6239,1032.7763,1032.3426000000002,1031.7857999999999,1031.2874000000002,1031.6966,1035.8758,1045.2591,1056.4468,1066.2278000000001,1071.5799000000002,1073.8348999999998,1076.2978999999998,1078.7973,1081.7418,1084.3474999999999,1086.9828,1089.5182000000002
El Salvador,SLV,1090.2446,1092.688,1094.3835000000001,1095.7997,1096.7018,1097.2433,1096.6248999999998,1095.1079,1092.6143,1089.9725,1087.7962,1084.3937999999998,1079.434,1073.6646,1067.9744,1063.9227999999998,1060.6913,1057.736,1055.1719,1052.9664,1051.1779999999999,1049.5423,1048.3502,1047.2474,1046.4982,1045.7757999999997,1045.6452000000002,1045.7686
England,,,,,,,,,,,,,,,,,,,,,,,,,,,,,
Equatorial Guinea,GNQ,1041.7257,1042.0809,1042.0089000000003,1041.9337999999998,1041.5687,1041.3646,1041.2520000000002,1041.6137,1042.1467,1042.8069,1043.7067000000002,1044.3287000000003,1044.6497000000002,1045.1216,1045.5413999999998,1046.3392000000001,1047.1352,1048.4947000000002,1049.8503999999998,1051.0056,1051.8744,1052.3661000000002,1053.02,1053.8125999999997,1054.7248,1055.58,1056.5428000000002,1057.6164
Eritrea,ERI,1054.5023999999999,1059.5888,1063.9804000000001,1068.0651,1071.6883,1074.1688,1076.3606,1078.0146,1079.4609999999998,1080.7589999999998,1081.2498,1081.1872,1080.1734000000001,1078.9496000000001,1077.6499,1076.1949000000002,1074.5342,1072.3957,1070.0119000000002,1068.1158999999998,1066.7659999999998,1066.2472,1065.8273,1065.503,1065.545,1065.681,1066.1184,1066.9266
Estonia,EST,1401.6411,1410.8356999999999,1419.4576,1427.3821,1434.0061999999998,1439.2378999999999,1444.1019000000001,1449.0148,1453.4350000000002,1456.8994000000002,1458.6109,1457.3518000000001,1453.5017,1448.2015000000001,1442.6339000000003,1438.7708999999998,1436.2619,1434.4979000000003,1432.8425,1431.3082000000002,1429.1478,1425.5848,1420.7314000000001,1414.861,1407.6441999999997,1399.4855,1390.6772999999998,1381.387
Ethiopia,ETH,1071.8155,1070.5481000000002,1069.3278,1068.2448,1067.3071,1066.6732000000002,1066.015,1064.8512,1063.6426000000001,1062.4984,1061.6174,1060.8363,1059.8741,1058.8671,1057.9261999999999,1057.4339,1059.427,1064.4995000000001,1070.7579,1076.1048999999998,1078.4118,1078.6122999999998,1078.8904,1079.3011,1079.6851000000001,1080.1819000000003,1080.7025,1081.3136000000002
Fiji,FJI,891.2793,892.9398,894.5394999999999,896.0101,897.2773,898.3947000000001,898.9413999999999,899.3585000000003,899.5223,899.6662000000001,899.9142,900.045,900.3482,900.4585999999999,900.7785,901.2352999999998,902.2242,904.5136,907.2421,909.6643000000001,911.0538999999998,912.029,912.5912,913.3456000000001,914.0754999999999,914.8559,915.5041,915.7672
Finland,FIN,1406.1621999999998,1416.557,1425.6792999999998,1433.9612000000002,1440.8542000000002,1445.974,1449.6618,1452.5318000000002,1454.3623,1455.4479000000001,1455.7924999999996,1454.1252000000002,1450.2976,1445.7855,1441.604,1439.5023999999999,1438.4515999999996,1436.3475,1434.1037,1431.932,1430.2714999999998,1427.9514000000001,1424.8046,1420.9085,1415.8766,1409.8195999999998,1403.2478,1395.9981000000002
France,FRA,1534.6409999999998,1530.4749999999997,1527.3153,1525.3906000000004,1524.6030999999998,1524.9181,1526.5937,1529.9348999999997,1533.5933000000002,1537.4502999999997,1539.9111,1540.4726999999998,1540.1790999999998,1539.3043,1538.6469,1538.7090999999998,1540.5079000000003,1543.8776999999998,1547.9407000000003,1550.5157,1551.2445000000002,1550.3360000000002,1548.6726999999996,1546.1426999999999,1542.8848,1538.4745,1533.1835999999998,1526.6935
Gabon,GAB,1062.4109000000003,1064.0710000000001,1065.3606999999997,1066.3507,1067.0591000000002,1067.4822000000001,1067.6577,1067.3574,1066.5205999999998,1065.6233,1064.4754,1063.335,1062.2888,1061.1934,1060.1780000000003,1058.9807,1056.7682,1053.6866000000002,1050.2626,1047.6356,1046.0620999999999,1045.2794,1044.6678,1043.9024000000002,1043.5190000000002,1043.1774,1043.1563999999998,1043.2876
Gambia,GMB,931.3744,932.5164,933.6045999999999,934.6640000000001,935.7928,936.8288,937.7311999999998,939.0496999999999,940.1489,941.3326,942.5464000000001,943.7426000000002,944.9289000000001,946.2932000000001,947.0434999999999,947.1614000000001,945.9444,943.1941000000002,940.0227,937.7078,936.887,937.2638,937.8757999999999,938.7619000000001,939.8135000000001,941.1415999999997,942.8559000000001,944.5837999999997
Georgia,GEO,898.0049,893.0844000000001,888.4049000000001,884.0868,880.6741000000002,878.0149,875.5051999999998,872.9554,870.6980999999998,868.8942000000001,868.2017000000001,868.5231000000001,869.4737000000001,871.0288999999999,872.7673,874.5722999999998,877.1700999999999,881.3804,886.0423,890.5913,893.2113000000003,894.7842000000002,896.3740999999999,898.2081999999998,899.9573000000001,901.8297,903.5517000000001,905.4755999999999
Germany,DEU,1483.5956999999999,1490.9983000000002,1498.0893,1503.6568000000002,1507.3096,1508.5064,1508.1491999999998,1507.5647000000001,1506.4134,1505.3291,1504.6396,1501.8526,1496.2429000000002,1489.4703000000002,1484.0166000000002,1482.1436,1484.4682,1489.7271999999998,1496.1123999999998,1501.2726,1503.4821000000002,1502.8115,1500.9953,1497.9928999999997,1494.0033,1488.8074,1481.4653000000003,1474.1760999999997
Ghana,GHA,861.6477,860.9327000000002,860.6685,860.6098000000002,860.7185000000001,861.0402,861.8953999999998,863.6853,865.9963999999999,868.1791999999999,870.0331,871.8589000000001,874.1389,876.2948999999999,878.2716,879.5766000000001,880.1636999999998,880.4789000000001,880.4204,880.5028999999998,880.8411999999998,881.6300999999999,882.7388,884.0080000000002,885.7713,887.9896,890.4132999999999,893.3392
Greece,GRC,1305.8128,1305.5565,1306.0406,1307.1436,1308.4445,1309.3408000000002,1310.8169,1313.3331,1316.7289,1320.4247,1324.0892,1328.4701000000002,1334.0711999999999,1339.8485,1344.7793000000001,1347.7885999999996,1349.7376,1352.4276000000002,1354.9808999999998,1356.5308,1356.6767000000002,1355.6064000000001,1354.2154999999998,1352.4253000000003,1350.2811000000002,1347.8002,1344.7811,1341.3902
Greenland,GRL,1837.9324,1849.6005000000002,1860.6454,1869.5704000000003,1876.0423999999998,1880.2194000000002,1883.512,1889.5601000000001,1895.3587,1899.3357000000003,1900.254,1899.4927,1897.3869000000002,1894.7167000000002,1892.2858999999999,1890.4414000000002,1889.8019000000002,1888.4144,1886.8539,1883.9704999999994,1881.3375,1878.7176,1875.0157000000004,1870.9239,1866.8174000000001,1861.5166,1855.1816,1849.3981
Grenada,GRD,1093.5665,1095.6496,1097.6001,1099.4659,1101.2873000000002,1102.6934,1104.0775,1105.7953,1107.332,1108.8937,1109.9900999999998,1111.0620000000001,1112.4067000000002,1113.4855,1114.5424,1115.4066,1115.8319000000001,1115.9614,1116.4096000000002,1116.6261000000002,1117.0273000000002,1117.3583999999998,1117.8419000000001,1118.3305000000003,1118.6681999999998,1119.1922,1119.6735999999999,1120.1250999999997
Guam,GUM,962.1154999999999,964.1466999999999,966.0093999999999,967.9694,969.246,970.457,971.2249,971.8734,972.6639000000001,973.3150000000002,973.7973,974.4608000000001,975.1808000000001,976.0452000000001,977.0550999999999,977.9683000000001,979.5661,981.9462,984.5341,986.7721,987.8134,988.0146999999998,988.2574999999997,988.4766999999999,988.5281000000001,988.4639,988.181,987.6846000000002
Guatemala,GTM,1120.5071,1122.3888,1124.0194999999999,1125.3502,1126.5153,1127.1977,1127.7042,1127.8025,1127.0448000000001,1125.3663000000001,1122.4081999999999,1117.9858,1112.3374,1106.6524,1101.5712,1098.3123,1095.4121000000002,1091.6124,1087.4508999999998,1083.5126,1080.2647999999997,1077.5076999999999,1074.7424,1071.7651999999998,1068.9600999999998,1066.3794,1063.6429,1061.196
Guinea,GIN,857.0695000000001,857.6592,858.3528,858.9139,859.5685,860.2882000000001,861.0087,862.2415,863.4148,864.6315000000003,865.5699,866.2670999999999,866.9333,867.5466000000001,868.2586999999999,868.8214000000002,869.0652,869.0644000000002,869.1684000000001,869.3993000000002,869.8347000000001,870.2028999999999,870.8722999999999,871.7203,872.824,874.0464000000001,875.5918000000001,877.3334
Guinea-Bissau,GNB,872.2353,873.3241,874.3535,875.2637000000002,876.2020999999999,876.9924,877.8994,878.8870000000001,880.1090999999998,881.1473,881.8883,882.8327999999999,883.8141000000002,884.9938000000001,886.2126999999999,886.8806000000002,887.2876999999999,887.8344,888.0618,888.5771999999998,889.0834,889.3060000000002,889.6889,890.1291,890.9748000000001,891.5947,892.2537,893.1960999999999
Guyana,GUY,1184.6897999999999,1192.5625,1199.9359000000002,1206.8467999999998,1213.3597999999997,1218.8402,1224.1635999999999,1229.3430999999998,1234.2859999999998,1239.038,1242.8591999999999,1246.8055,1251.1741,1255.3319999999999,1259.1332,1262.142,1265.0148000000004,1267.9183,1270.9913999999999,1273.3471000000004,1274.9862,1275.8685,1276.5683999999997,1277.0141,1277.2252,1277.0248999999997,1276.576,1275.5891000000001
Haiti,HTI,1084.3647000000003,1085.2515999999998,1085.8425,1086.4480999999998,1086.7926000000002,1086.8518,1086.3780000000002,1085.6248000000003,1084.6614,1083.9785,1083.4691,1083.3831,1083.2915,1083.2714,1083.2955,1083.3749,1084.0051999999998,1084.7617,1085.7467,1086.7105000000001,1087.5876999999998,1088.4113,1088.7822999999999,1089.0995999999998,1089.4863000000003,1089.8025,1089.9843999999998,1090.4224
High SDI,,,,,,,,,,,,,,,,,,,,,,,,,,,,,
High-income,,,,,,,,,,,,,,,,,,,,,,,,,,,,,
High-income Asia Pacific,,,,,,,,,,,,,,,,,,,,,,,,,,,,,
High-middle SDI,,,,,,,,,,,,,,,,,,,,,,,,,,,,,
Honduras,HND,886.3370000000001,888.2845,890.2071000000001,892.2530999999999,894.0262000000001,895.4506999999999,896.8337,898.5322,900.3938,902.1025,903.5419999999999,904.9162999999999,906.3688999999999,908.1175,909.5579999999998,910.8049,911.7229999999998,912.8158000000002,914.0358000000001,915.2056,916.0242999999998,916.7943999999999,918.0547000000001,919.2283000000001,920.4118,921.8295999999999,923.2442000000001,924.7389999999998
Hungary,HUN,1081.8749999999998,1087.0906000000002,1090.4243,1092.7203000000002,1093.8596,1093.9417,1090.0329,1080.9309,1069.6782999999998,1058.9624000000001,1051.9973000000002,1048.2926,1044.9415,1042.2382000000002,1039.7975999999999,1037.9642999999999,1036.2405999999999,1034.2979,1032.5962000000002,1030.4965,1028.6696,1027.1901,1025.7024000000001,1024.0049000000001,1022.5056000000001,1020.889,1019.0154,1017.3080000000002
Iceland,ISL,1241.1814,1241.207,1241.1175999999998,1241.1905000000002,1241.1111999999998,1240.9228000000003,1240.5131999999999,1239.7171,1238.3193999999999,1237.0907,1236.0056000000002,1235.4534,1235.4784,1235.6803,1235.6078999999997,1234.4826,1232.1811000000002,1230.0213,1228.6520999999998,1228.6788999999999,1229.5405,1230.866,1232.4555,1234.0499,1235.6176,1237.4035,1239.1806000000001,1241.3471
India,IND,985.9849000000002,991.3955,996.4801000000001,1000.8397,1004.2144999999998,1006.2439999999999,1007.7942999999999,1009.7417999999998,1011.8501000000001,1013.6739000000001,1014.9775,1016.4458000000001,1018.6318999999997,1020.7881000000001,1022.2774,1022.5284000000001,1014.5045,996.1798000000001,974.2570000000002,955.4109,946.3473,944.5954999999999,943.2074000000001,942.2921000000001,941.984,942.4011,943.6393999999999,945.8544
Indonesia,IDN,784.4487999999999,783.4873999999999,782.7741999999998,782.3717,782.2746999999999,782.5983000000001,783.3076,784.2698,785.3120000000001,786.322,787.0776,787.9106999999999,788.8957,790.0140000000001,790.971,791.5919,792.4352,793.9325,795.6692000000002,797.3251,798.4514999999999,799.2904000000001,800.3212000000001,801.5301999999998,802.8637,804.4443000000001,806.1633999999999,808.1211
Iran,IRN,1503.3303,1509.0105999999998,1514.0179,1518.5662,1522.5082,1525.5503999999999,1527.1487000000002,1527.4615999999999,1527.5156999999997,1528.1845999999998,1530.4779999999998,1537.4378,1549.194,1562.2586,1573.2102000000007,1578.2944000000002,1581.4747000000002,1587.5894,1594.3663000000001,1599.8814,1601.7420000000002,1601.1256999999998,1600.2599,1598.7958999999998,1596.5183000000004,1593.1685999999997,1588.3639000000003,1581.7644
Iraq,IRQ,1173.6939,1178.455,1182.3303,1185.5266,1187.7948000000001,1189.9370000000001,1190.4602,1189.2385,1186.6406,1184.5150999999998,1183.7664,1182.7319,1180.5408,1178.1014000000002,1176.3337,1175.5248,1176.4202999999998,1178.2133000000001,1180.4348999999997,1182.5662,1183.7369,1184.8963,1186.012,1186.8695,1187.8339,1188.849,1189.3473999999999,1189.9851
Ireland,IRL,1406.1153,1412.5149999999996,1418.4663,1424.1065,1429.3460000000002,1433.4644999999998,1437.2588,1440.9549,1444.8751000000002,1448.7608000000002,1452.6589,1456.8345,1462.4352000000001,1467.7302999999997,1472.3075,1475.2801000000002,1479.1649000000002,1485.5330999999999,1492.9886000000001,1498.8207999999997,1501.2376000000002,1501.142,1500.5570999999998,1500.0149000000001,1499.0729000000003,1498.0247,1496.5731,1494.7158000000002
Israel,ISR,982.2046999999998,986.5462,990.2605000000001,994.1890999999999,997.3177000000001,999.9474,1002.2401,1004.2511,1006.018,1007.5892,1008.0142000000001,1007.8817000000001,1007.0436000000002,1005.7995999999999,1004.3893,1003.0125999999999,1001.8835000000001,1001.1329000000001,1000.1516000000001,999.1311,997.6027999999998,995.7734,993.3672,990.4892000000001,987.2671000000001,983.7026,979.7262999999999,975.7016
Italy,ITA,1298.1821999999997,1288.3096999999998,1278.8467999999998,1270.3691000000001,1263.3891,1258.1316000000002,1253.8209000000004,1249.3776999999998,1245.3602999999998,1242.6465,1241.926,1243.0335,1245.308,1247.7271999999998,1249.7913000000003,1250.6852999999999,1252.909,1258.7455,1265.4078000000002,1270.2437000000002,1271.3847,1269.3289000000002,1266.9453,1264.1897,1261.2904,1258.0948,1254.5772,1251.0566999999996
Jamaica,JAM,1076.1504,1075.868,1075.5559999999998,1075.4927,1075.5519000000002,1075.697,1075.9494,1076.3696,1076.4704000000002,1076.7837000000002,1076.9346,1077.4352999999999,1078.3796000000002,1079.3858,1080.1982000000003,1080.998,1082.2599999999998,1084.3662999999997,1087.3248,1089.4813000000001,1090.9395,1091.3935000000001,1091.9106,1092.3455999999999,1092.7094000000002,1093.1166,1093.2856,1093.1454999999999
Japan,JPN,940.9995000000001,942.1179999999998,943.0740999999999,943.9812999999999,944.6749000000002,945.2161000000001,944.2571000000002,941.3080000000001,937.8522000000002,935.1410999999999,934.4605,935.4799999999998,936.7001000000001,938.075,939.4954999999999,940.8836000000001,943.1751,946.8111,951.0278,955.0179,957.9633,960.4420999999999,963.5558,967.1369000000001,971.1973999999998,975.5755000000003,980.1882,984.9973000000002
Jordan,JOR,1190.2821,1191.1169,1191.8608000000002,1192.6426999999999,1193.3585999999998,1193.9245999999998,1194.7049,1195.4604,1196.0798,1196.2386000000001,1195.8465,1194.1492999999998,1190.8507,1187.1878,1183.7155,1181.5082,1180.8827999999999,1181.2516000000003,1182.1922999999997,1183.5854,1184.8106,1185.6773,1186.5634000000002,1187.6167,1188.7628000000002,1189.7971,1191.0584999999999,1192.3732
Kazakhstan,KAZ,1015.9667000000002,1006.7843999999998,1000.7450999999999,997.4498,996.4762999999999,997.6979000000001,1004.4019000000001,1017.5998999999998,1033.702,1049.7737,1061.7164,1070.6635999999999,1079.9337,1089.0423,1097.6293,1105.7226999999998,1114.8065,1125.2487,1135.1488,1142.5855999999999,1145.8513,1145.9301,1145.2366,1143.2194,1140.0546,1135.1029,1128.0832,1118.9189999999999
Kenya,KEN,980.6800000000002,981.1795999999999,981.8530999999999,982.6565999999999,983.4979000000001,984.4096,986.3771,989.6874999999999,993.2738,996.2372000000001,997.6965,998.1023000000001,998.3331000000001,998.3998000000001,998.2324,997.7303999999999,996.0872999999999,993.0275999999999,989.4472999999999,986.2334000000001,984.2354,983.3194000000001,982.6316000000002,982.1745999999999,982.0176999999996,982.1427000000001,982.6259999999996,983.3879
Kiribati,KIR,895.5863999999999,896.2451000000002,896.5859000000002,896.8317999999999,896.8552999999999,896.7993,896.5408,896.0578,895.2377,894.3509000000001,893.6315000000002,893.0526000000001,892.2560000000002,891.5234999999999,890.8662,890.6684000000002,891.1654000000001,891.9937000000001,893.1673,894.2551,895.0229999999999,895.2409,895.4194000000001,895.5079000000002,895.6817,895.6558999999999,895.6622,895.4854000000001
Kuwait,KWT,1176.4352000000001,1175.2402,1174.1967999999997,1173.5708,1173.3367,1173.6958,1174.6522,1175.9940000000001,1177.9312,1179.4302,1180.6888999999999,1180.8025,1180.6924000000001,1180.1562999999999,1180.2624,1181.4599,1184.2307999999998,1188.8188,1194.5573000000002,1200.2541000000006,1204.9072,1208.5925,1212.4469,1216.3743,1219.6855,1223.4503,1226.9285,1230.1491
Kyrgyzstan,KGZ,1041.2651,1045.468,1049.0859,1051.731,1053.3865,1053.8588000000002,1053.4513000000002,1052.2184,1050.4984,1048.5101000000002,1046.4213000000002,1042.8181,1036.9379000000001,1030.3482000000001,1024.5214999999998,1020.6686,1018.6095999999999,1017.1888,1016.0983,1015.0568000000002,1013.9472,1012.1468999999998,1009.2421,1005.304,1000.635,995.4002,989.6581,983.4995
Laos,LAO,937.2426,940.004,942.3642,944.0117,945.4078000000001,946.1425000000002,946.2823000000001,946.0615,945.4277,944.8722999999999,944.5994000000001,944.5993,944.445,944.7010999999998,944.9109,944.8804999999999,945.683,946.9972,948.5390999999998,949.8571999999999,951.0270000000002,951.6478000000001,952.4655,953.4713999999998,954.6153,956.016,957.4517,959.2078000000001
Latin America and Caribbean,,,,,,,,,,,,,,,,,,,,,,,,,,,,,
Latvia,LVA,1347.8613,1353.9426,1358.6436999999999,1362.1160000000002,1363.8479,1363.8166,1360.7741999999998,1354.7916000000002,1347.2718,1339.6177,1333.5267000000001,1327.5251000000003,1320.4701,1313.0278999999998,1306.8792999999998,1302.8666,1301.6551,1302.1480999999999,1303.3734,1304.9999,1306.6064,1307.1451,1307.2758,1306.8164000000002,1306.1666,1305.1258000000003,1303.4767,1301.6123999999998
Lebanon,LBN,1285.1861000000001,1292.2980999999997,1299.0994,1305.9521,1312.5057000000002,1318.8522,1324.9484,1331.0782000000002,1337.1237999999998,1343.2808999999997,1348.8459999999995,1354.1164999999996,1359.4252,1364.5308,1368.8888000000002,1372.4139,1376.3289999999997,1382.3646,1388.8677000000002,1394.7641999999998,1398.8142,1401.1135,1403.0931999999998,1404.7160999999999,1405.5766999999996,1405.9565999999998,1405.8086,1405.1894
Lesotho,LSO,1187.7793,1185.3814,1183.7061999999999,1182.5844,1182.5988000000002,1183.8324999999998,1186.3319000000001,1190.6856,1195.5140999999996,1200.2083,1204.0050999999999,1207.0203,1209.9145,1212.9662,1216.0838,1219.3408,1223.4934999999998,1228.2740000000001,1233.6323000000002,1237.654,1240.1799,1241.1899000000003,1242.3607,1243.1553,1243.838,1244.3638999999998,1244.7850999999998,1244.6362000000001
Liberia,LBR,869.1399000000001,868.0546,867.2407,866.2931,865.6247999999999,865.3485,865.2507999999999,865.1437,864.9903,865.0450999999999,865.1946999999999,868.3846999999998,875.6845000000001,884.2070000000002,891.3655999999999,894.7051,894.9577999999998,895.1577000000001,895.1178000000001,895.2583000000002,895.5817,896.2218000000001,896.9635,897.6779,898.8806,900.2181,901.6972000000001,903.3664
Libya,LBY,1220.636,1225.5575000000001,1230.2754,1235.5697,1240.4602,1245.3102000000001,1250.1716,1255.1163000000001,1259.9871999999998,1264.385,1268.9914999999999,1273.8111,1278.6475,1283.5672000000004,1288.1723,1292.6288000000002,1297.2489,1302.8035000000002,1308.3389000000002,1313.4522,1317.092,1319.4388999999999,1321.6485999999998,1323.2714,1324.6007000000002,1325.8022999999998,1326.2295,1326.1329999999998
Lithuania,LTU,1388.2791,1389.1958999999997,1389.5249,1389.7222000000002,1389.8845000000001,1389.6746999999998,1389.2136999999998,1387.67,1385.5040000000001,1382.4154999999998,1378.6300999999999,1370.8899999999999,1358.2649999999999,1344.6096000000002,1332.9662,1327.25,1327.0675,1329.0368000000003,1331.7702000000002,1334.313,1335.6507000000001,1335.6251000000002,1335.3161000000002,1334.4599999999998,1333.548,1331.8417,1329.9479000000001,1327.4907
Low SDI,,,,,,,,,,,,,,,,,,,,,,,,,,,,,
Low-middle SDI,,,,,,,,,,,,,,,,,,,,,,,,,,,,,
Luxembourg,LUX,1350.4921,1354.8742000000002,1358.6869,1361.8724999999997,1364.2325,1365.1490999999999,1365.0454999999997,1363.3077999999998,1360.6467999999998,1357.9708,1355.3729,1351.9693,1347.3119,1341.8576,1336.9351000000001,1333.5307999999998,1331.3133000000003,1328.9084,1326.66,1324.1287,1322.8040999999998,1321.4223,1320.1958,1319.0816999999997,1318.0885,1317.1464999999998,1316.4706,1315.7441999999999
Macedonia,MKD,905.396,905.6365000000001,905.8444000000001,905.8535999999999,905.9651,905.7749999999999,905.2318000000001,903.9478999999999,902.4215999999999,901.0853999999998,900.3796000000001,900.8793000000003,902.3773,904.2388000000001,906.1319,907.5267999999999,908.9327000000001,911.2356000000001,913.611,915.6992000000001,916.757,917.1573999999999,917.5255999999999,918.0367,918.4400999999998,918.6280999999998,918.8888999999999,919.0210000000002
Madagascar,MDG,1020.3073999999999,1021.0455000000001,1021.2642999999999,1021.4562000000001,1021.6307,1021.4772999999998,1021.293,1020.4663,1019.5342,1018.8674000000002,1018.1126,1017.4276000000001,1016.3944000000001,1015.2539,1014.5238,1013.9786000000003,1013.5490000000001,1013.1999999999998,1012.9108999999999,1012.7636,1012.7977,1013.3422,1013.9168999999999,1014.6293,1015.6385999999999,1016.8216999999999,1018.4155000000001,1020.0433999999999
Malawi,MWI,994.8522000000002,998.1315999999998,1000.5443,1002.2357,1003.6950999999999,1004.3841000000001,1003.6707,1001.3401,998.1802000000001,995.2099999999997,993.6078000000001,993.2381,993.0360999999999,993.0748,993.0932999999999,992.8104999999999,992.0842,990.9501999999999,990.0151,989.2616999999998,989.5410999999998,990.7212,992.3349,994.515,997.0416,1000.3113000000001,1003.98,1008.229
Malaysia,MYS,964.2912000000001,965.7284000000001,967.6346000000001,969.3339999999997,971.172,972.8972000000001,976.0971000000001,981.9516,988.9899,995.6392,1000.1614000000001,1004.0461,1009.0658000000001,1013.8898,1017.9232000000001,1019.8327000000002,1019.8725999999999,1019.1563000000001,1018.2351999999998,1017.5966999999999,1017.3538000000001,1017.4875,1017.8286999999998,1018.3524999999997,1018.8225999999999,1019.6443000000003,1020.4767,1021.3919999999999
Maldives,MDV,870.8077000000002,875.0816,879.081,882.1657000000001,884.7574,886.8960000000002,888.1792,888.7268000000001,889.1149999999999,889.1569999999998,889.209,889.3281000000002,889.5292000000001,889.6665999999999,889.9495000000002,889.5061999999999,888.9158000000001,888.6694000000001,888.2862,887.6002,886.6595000000001,885.1247000000001,883.6029,881.9127999999998,880.5379,878.9534999999998,877.6204,876.3463999999999
Mali,MLI,811.726,812.0711,812.2972000000001,812.4551999999999,812.294,812.0955,811.1907,809.2144,807.0487999999999,805.0274999999998,803.6137,803.0737,802.6126,802.4513000000002,802.2926000000001,801.9757999999999,802.0967999999999,802.3747000000001,802.6890999999999,803.3656,804.0918000000001,804.8881000000001,805.9331999999999,807.4465,809.234,811.2110999999999,813.4088,815.9254000000001
Malta,MLT,1213.3730999999998,1212.3214000000003,1211.5441,1211.1271000000002,1211.1071000000002,1211.4052,1213.1940000000002,1216.6787,1220.7034,1224.2586999999999,1226.5028,1227.6231,1228.4297000000001,1229.2094,1229.8275,1230.5304,1230.8786,1231.2809,1231.8914,1232.1942000000001,1232.6010999999999,1233.0883999999999,1233.515,1234.7352999999998,1235.9656,1237.1073000000001,1238.6960000000001,1240.579
Marshall Islands,MHL,895.3156999999999,897.1257999999999,899.0189000000003,900.5043999999999,901.5492999999998,902.195,902.6277999999999,902.7607,903.1488999999999,903.3958999999999,903.5289999999999,903.8518000000001,904.1886999999998,904.5858999999999,904.9582999999997,905.2027999999999,905.8275,906.8155000000002,907.8071,908.7526999999999,909.4182,909.8807000000002,909.9985,910.2586,910.3040000000001,910.4289,910.3697999999999,910.2162000000001
Mauritania,MRT,840.9817,841.3529,841.5169999999999,841.4624000000001,841.4948999999999,841.118,840.1771,838.4300000000001,836.4120999999999,834.2905000000001,832.7367,831.7869999999999,830.608,829.4897000000001,828.7414,828.2519,828.4633,828.8387999999999,829.6281000000001,830.6544,831.4877,832.5175999999999,833.6003000000001,835.2874000000002,837.3448,839.6666,842.1804,844.9295
Mauritius,MUS,980.9775,981.0001000000003,980.9665000000001,980.9196999999999,980.8672,980.9363999999999,981.0772,981.6545,982.2900999999999,982.73,982.3275,981.7019999999999,981.0329999999999,980.4282999999999,979.7615,979.06,978.7974,979.3127999999999,980.276,981.1844000000001,981.4075000000001,981.2027999999999,981.2071,981.0687000000001,980.9443999999999,980.7976,980.8763999999999,980.734
Mexico,MEX,942.002,941.2108999999999,940.9032000000001,940.9845000000001,941.4230999999997,942.1247,943.9354,947.3928,951.6775000000001,956.1075000000001,959.9227999999999,964.0486000000001,969.1449,974.3397999999999,978.6391999999998,981.3019,981.7268999999999,980.669,978.9802999999998,977.4653000000001,977.1224999999998,977.7965999999999,978.7571000000002,980.0304,981.5319999999999,983.2802999999998,985.2439,987.3260999999999
Micronesia (country),FSM,896.8335,898.9424999999998,900.795,902.3346000000001,903.5917999999999,904.4692,904.9671999999999,905.1094000000002,905.1791,905.2989,905.2071000000001,905.2407000000002,905.5323000000001,905.5244999999999,905.4188,905.7516999999999,906.5759999999999,907.7094000000001,909.3385,910.7857999999998,911.6936000000001,911.816,911.9870000000001,911.9206999999999,911.8226999999998,911.7177,911.337,910.9317
Middle SDI,,,,,,,,,,,,,,,,,,,,,,,,,,,,,
Moldova,MDA,1215.096,1210.1580999999999,1204.9189,1199.7684,1195.1006,1191.0293,1186.3004999999998,1180.2381000000003,1174.1288000000002,1169.0811999999999,1165.6556,1164.2275,1163.1004000000003,1162.5941,1162.7720000000002,1163.4802,1166.5687,1172.8713000000002,1180.3763999999999,1187.4142000000002,1192.0737000000001,1195.0861,1197.7007,1200.0362000000002,1202.2733,1204.0822,1205.4992000000002,1206.2441000000001
Mongolia,MNG,935.5045000000001,942.165,948.6243,955.0711000000001,961.0115,966.283,971.9708,978.7412,986.179,993.9762000000003,1001.7626,1010.2299,1020.0401999999999,1030.8984,1041.9696999999999,1052.7287,1064.635,1078.5045999999998,1091.7466,1101.8754999999999,1106.9259000000002,1108.3265000000001,1109.6291999999999,1110.9511,1111.9934999999998,1112.751,1113.277,1113.4497000000001
Montenegro,MNE,944.3224,944.1635000000001,944.1939000000001,944.1567999999999,944.1700000000002,943.9654999999999,943.6808000000001,942.948,942.0301,941.5827,941.4861,942.5741999999999,944.6120999999999,947.1728999999999,949.3911,951.3036,952.8276999999999,954.8389,956.5013,957.8621999999999,958.471,958.6896,958.5818999999999,958.1376000000001,957.6308,956.9464000000002,955.8063,954.3663999999999
Morocco,MAR,1331.6959,1332.6851000000001,1333.9183000000003,1336.2555,1338.6796000000002,1341.5587,1347.1260999999997,1356.3527000000004,1366.7260999999996,1375.603,1380.1611,1381.5188999999998,1382.1082000000001,1382.1569,1382.2347000000002,1382.5217,1383.8748000000003,1386.4289000000006,1389.5672,1392.3041,1393.4974,1393.6484999999998,1392.7448000000002,1390.9054999999998,1388.1100999999999,1384.8138999999999,1380.6004,1375.5629999999999
Mozambique,MOZ,1023.0822999999998,1025.0171,1026.848,1028.3634,1029.9493000000002,1031.1109999999999,1032.5316999999998,1033.8915,1035.1716,1036.5778000000003,1038.1628,1039.8291,1042.0361,1044.3978,1046.8059,1048.4107,1049.7353999999998,1050.6969,1051.8207,1052.9730000000002,1054.0942,1055.6466000000003,1057.2647,1059.1259000000002,1061.1387000000002,1063.3636,1065.6858,1068.1988000000001
Myanmar,MMR,761.1511000000002,761.7782999999998,762.3033999999999,762.9911000000001,763.2547000000001,763.6819,764.1698000000001,764.5047000000001,765.2169,765.7244000000001,766.4689,767.3732,768.4137999999999,769.7100000000002,771.1325999999999,772.3490999999999,773.6632000000001,775.1715,776.7118999999999,778.1136999999999,779.3912,780.6727999999999,782.3024,783.9132000000002,785.6435,787.4524000000001,789.2810000000001,791.2259999999999
Namibia,NAM,1025.3486999999998,1030.5961,1034.9395,1038.5318000000002,1041.2114000000001,1042.7836,1042.9942,1042.2002,1040.7521,1039.4555,1038.846,1038.1654999999998,1036.8021,1035.4102,1034.3389999999997,1033.7568999999999,1033.1573999999998,1032.3506,1031.7139999999997,1031.3103,1031.6806,1032.4904999999999,1033.4256,1034.6149,1035.9603,1037.7783000000002,1039.6887000000002,1042.3614
Nepal,NPL,1006.6361999999998,1004.9031,1004.1140999999999,1003.8003,1003.6044999999999,1003.6066,1005.9402999999999,1010.7359000000002,1016.5736999999999,1021.7801,1024.5872,1025.2621,1026.2396999999999,1027.0895,1028.1866000000002,1029.4573,1032.1417000000001,1036.7418,1042.0156,1046.5656999999999,1049.6795000000002,1051.1208000000001,1051.9091,1051.9784,1051.5141999999998,1050.7621,1049.2516999999998,1047.5021000000002
Netherlands,NLD,1421.2768,1446.2472,1468.2365,1485.6649000000002,1497.5122000000001,1501.6463999999996,1499.9993,1496.6951000000001,1491.8889000000001,1486.9751999999996,1483.3253,1472.4946,1451.1005000000002,1426.2113000000002,1405.498,1395.9448,1395.0084000000002,1395.0571999999997,1395.9451999999999,1397.3295,1398.2843000000003,1399.6238000000003,1401.3856000000003,1403.4789,1406.7966,1410.1048999999998,1414.2243,1418.6206000000002
New Zealand,NZL,1833.0846000000001,1842.0349999999999,1850.6640000000002,1858.6434,1865.8761,1872.7091999999996,1877.8293,1879.929,1880.8271000000002,1880.6231,1881.3127000000002,1882.8935,1885.2414999999996,1887.8171,1889.7271,1890.7048000000002,1885.9988000000003,1875.0413999999998,1862.6761999999999,1854.1252,1854.1067000000003,1859.6508000000003,1865.4744,1871.4121,1877.5169000000003,1884.0272000000002,1890.6194,1897.4349
Nicaragua,NIC,935.1293000000001,936.5878000000001,938.2196,940.1348000000002,942.0648999999999,944.1742,946.9494,950.8138999999999,954.7244,958.1225999999999,960.0108,960.4976,960.5059000000002,960.2811999999999,960.2633000000001,960.3254,960.9013,960.9083999999999,961.0834000000001,960.8660000000001,960.7218999999999,960.7243,960.8114,960.8928999999998,960.848,961.1727000000001,961.3797999999999,961.8296999999999
Niger,NER,852.2850999999999,851.9082999999999,851.8354000000002,851.5743000000001,851.7645,851.8553999999999,852.044,852.6229000000002,853.0817999999999,853.4019000000001,853.919,854.1135999999999,854.0794,854.1138000000001,854.1910999999998,854.3411999999998,854.6585999999999,854.4830000000002,854.5688000000001,854.5265,855.0604000000001,855.5857,856.4115999999999,857.1147,858.0539,859.1520999999999,860.593,861.9706999999999
Nigeria,NGA,912.5766999999998,909.0824,906.3936,904.3067000000001,903.1593000000001,902.6336999999999,904.3015000000001,908.6645,914.0757000000001,918.8104,920.9341000000002,920.8932000000002,919.933,918.5846,917.9719000000001,918.6956000000001,922.5583000000001,929.6022000000002,937.6118000000002,944.8053000000003,949.0241000000001,950.2268,949.9579000000001,947.8626999999999,944.4858000000002,939.3230000000001,932.9064,925.0231
North Africa and Middle East,,,,,,,,,,,,,,,,,,,,,,,,,,,,,
North America,,1698.1363000000001,1689.698,1684.4736999999998,1682.0640999999998,1682.2161999999998,1684.4446000000003,1695.6370999999997,1717.7254999999998,1743.6940999999997,1766.6494999999998,1779.2176999999997,1784.0824000000002,1788.1318,1791.6075999999998,1794.2510000000004,1796.1060999999995,1793.2743,1784.4181,1773.5647000000001,1764.4867000000004,1761.2216,1762.9264,1766.3487,1771.4755000000002,1778.2092,1786.5440999999998,1796.3620000000003,1807.8396000000002
North Korea,PRK,929.5776,931.6235,933.0302,934.023,934.2733999999998,934.1701000000003,933.0502999999999,931.3075,929.2313999999999,927.2978999999999,925.9106,925.3244000000001,925.0251000000001,925.0204999999999,925.1525000000003,924.8746000000001,924.6634999999999,924.6129000000002,924.8077,925.0273000000001,925.1388000000001,925.4963000000001,925.7781,926.2004999999999,926.6696,927.2470999999999,927.9168000000002,928.558
Northern Ireland,,,,,,,,,,,,,,,,,,,,,,,,,,,,,
Northern Mariana Islands,MNP,948.9841999999999,949.5129000000001,950.9354999999998,952.5406000000002,953.5638999999999,953.9275000000001,954.0522,954.5864999999998,954.8596999999997,954.5673,954.3630999999998,955.564,957.5294000000001,958.8898999999999,959.6671000000001,959.8698000000002,960.3499000000002,960.5781000000001,960.4337999999998,959.8965,959.5756999999999,960.0539,960.6029,960.6308999999999,960.2259999999999,959.7883,959.5473000000001,959.6920999999999
Norway,NOR,1591.7855,1593.6726,1594.6607999999999,1595.1056000000003,1595.1811,1595.3086999999996,1592.6755,1585.8250000000005,1577.3053,1569.5557000000001,1564.9907000000003,1561.1896,1555.0188,1548.2168000000001,1542.3038000000004,1538.9548,1535.9705,1531.0123,1525.4575,1520.6348999999998,1517.8992999999998,1516.9433999999999,1516.5248000000001,1516.6515,1517.5076000000004,1519.1750000000002,1521.6014,1524.7450000000001
Oceania,,892.6009,894.2343999999999,895.7889000000001,897.0773000000002,897.9790999999999,898.5524,898.7149,898.8099000000002,898.8462,898.7620999999998,898.5433,898.3337000000001,897.8478999999999,897.3805,897.0014,896.9468999999999,897.6370999999998,899.1202999999999,901.0018,902.4571000000001,903.4014999999999,903.7966,904.3151999999999,904.6668000000001,904.8265,905.0758,905.2972,905.2682000000001
Oman,OMN,1119.9234000000001,1118.7068,1117.7018,1117.714,1119.3504,1121.1926,1122.1444999999999,1123.4906,1126.1411,1130.4932000000001,1134.4788,1136.1768,1137.0965999999999,1139.5917000000002,1144.1968,1148.4786,1149.4577,1150.4564,1154.2822999999999,1159.1666,1159.5727999999997,1155.0043,1151.5295,1153.1055999999999,1156.6531,1159.2054,1160.2882,1162.4339999999997
Pakistan,PAK,1012.5180000000001,1015.5944999999999,1018.6311000000001,1021.1991,1023.2588000000001,1024.4685,1025.5104999999999,1026.1795,1026.7122000000002,1027.2372000000003,1027.7401,1028.5840999999998,1030.1290000000001,1031.8988,1033.6315,1034.9579,1034.363,1031.9578,1029.2868999999998,1027.1543,1026.844,1027.6858000000002,1028.5244000000002,1029.3170000000002,1030.0131000000001,1030.7852999999998,1031.4773,1032.9279
Palestine,PSE,1275.7199999999998,1272.3389,1270.6829,1270.3,1270.6674,1271.8797000000002,1276.6851000000001,1286.0617,1296.6862,1305.4411000000002,1309.4842,1309.3874999999998,1308.5052,1307.5602999999999,1306.4987,1305.9141000000002,1306.9241000000002,1308.9804,1311.3912,1313.3141,1313.3637,1312.2825000000003,1310.5881,1308.9655000000002,1306.6338999999998,1303.9918000000002,1301.2441999999996,1297.9173999999998
Panama,PAN,874.9464,874.8935999999999,874.8530000000001,874.9277,875.1929,875.5206000000001,876.1484999999998,877.0923,878.1272999999999,879.2220000000001,879.9686000000002,880.8728,881.8865000000001,882.9143,884.1286,885.3475000000001,886.7053999999999,888.5349999999999,890.3572,891.9982000000001,893.5026,894.8164999999999,896.0386000000001,897.5732000000002,899.2006000000001,901.0866000000001,902.8005999999998,904.9933
Papua New Guinea,PNG,890.8583999999998,892.5719000000001,894.2683,895.626,896.5571,897.1184999999998,897.2444999999998,897.2712999999999,897.2708,897.1161999999999,896.7881,896.5541000000001,895.9787999999999,895.4867999999999,895.0504000000001,894.9698999999999,895.7144000000001,897.2398999999999,899.1949000000001,900.6341000000001,901.6139000000001,902.0281,902.6443,903.0360999999999,903.1796999999998,903.4620000000001,903.7487,903.7692
Paraguay,PRY,1287.6034,1290.3641,1292.6815,1294.7919,1296.3109,1297.6985,1298.3877,1298.8873,1299.0970999999997,1299.5625,1300.0887,1301.2771,1303.5193000000002,1306.1051999999997,1308.4811,1310.5002000000002,1312.541,1315.6680000000001,1319.2221,1322.5456,1325.2779999999998,1327.3443999999997,1329.6857,1331.897,1334.1016,1336.2642999999998,1338.3763000000001,1340.24
Peru,PER,1012.835,1014.1134999999999,1015.1709999999999,1015.9845000000003,1016.7394,1017.3672,1017.5663999999999,1016.7571,1015.8714000000002,1014.6703000000001,1013.7430999999999,1012.9694999999999,1012.0245000000001,1010.9206999999998,1009.8072999999999,1008.5102999999999,1006.9646,1005.5657000000001,1004.0421999999999,1002.9706,1002.4634000000002,1002.1056000000001,1001.7259999999999,1001.5464,1001.2829999999999,1001.0653,1000.7531999999998,1000.7959000000001
Philippines,PHL,877.0139,874.9305999999998,872.6825,870.0120000000001,867.1136000000001,864.3417,860.5249000000001,855.3494000000001,849.8006000000001,844.8063,840.9590000000001,837.9223999999998,835.0898000000001,832.9322,831.5798999999998,831.1691000000001,831.7883999999999,832.9022,834.2855000000001,835.5741999999999,836.5790999999999,837.6184999999998,838.5793,839.9154000000002,841.4544999999999,843.1093000000001,844.9792999999997,847.2778999999999
Poland,POL,930.8811000000001,934.2361999999999,937.5399000000001,940.4885,943.0158000000001,944.8764,946.8560999999999,949.1111999999998,951.6501000000001,953.8145,955.7776999999999,957.4128,959.3399,961.1122000000001,962.5455000000001,963.3641000000001,964.4987000000001,966.0513,967.8853999999999,969.1259000000002,969.9564,969.9629,970.1532,970.1899,970.1638999999999,970.1040000000002,969.8113999999999,969.6383999999999
Portugal,PRT,1349.0569000000003,1348.4672,1348.7370999999998,1349.0856,1349.4325000000001,1349.8745,1351.4103000000002,1354.5286,1358.1455,1361.5596999999998,1364.0159,1366.9098,1371.2013000000002,1375.9567,1379.8467000000003,1381.3821,1381.189,1381.1116000000002,1380.3130999999998,1379.5578000000003,1378.5571,1376.8251,1373.6102,1369.5455999999997,1364.8357999999998,1359.1773999999998,1353.1687,1346.5305999999998
Puerto Rico,PRI,1208.7177,1218.7362,1227.3065000000001,1234.4153000000001,1239.6846999999998,1242.5714999999998,1242.9627,1241.2339,1238.2217,1234.7153,1231.6471,1228.9099999999999,1225.5234,1221.8481000000002,1217.9325,1214.3442999999997,1209.5433000000003,1202.6768,1195.0831000000005,1187.7624000000003,1182.369,1178.1517,1174.2033000000001,1170.1021,1166.2701000000002,1162.8875,1159.5903,1156.7643
Qatar,QAT,1218.8129999999999,1219.2835999999998,1219.8949,1220.5956999999999,1221.7699,1223.4154999999998,1225.8091000000002,1229.1524000000002,1232.4564999999998,1235.0946999999999,1236.1784,1230.7325,1217.1363999999999,1200.5048,1185.6142,1177.8347999999999,1176.3163,1176.8003999999999,1177.9844,1179.5357,1181.2813999999998,1183.1880999999998,1185.2830000000001,1187.1807999999999,1188.6338000000003,1190.067,1191.6976999999997,1192.8309000000002
Romania,ROU,915.1647,916.2919000000002,916.7555999999998,916.8735,916.7808000000001,916.4822,914.7165,910.5750999999999,905.5961,901.0937000000001,898.2119000000002,896.8384,895.4677000000001,894.2913000000001,893.3001999999999,892.3541,891.3168000000001,890.1257999999998,888.6821000000002,887.6215000000001,887.1791999999998,887.0097999999998,887.1957,887.1713000000001,887.4884999999999,887.6802,888.0928,888.8308999999999
Russia,RUS,1352.1660000000002,1359.8515,1367.6931,1375.3155,1382.2129,1388.1973,1395.8504,1406.0967999999998,1416.4071999999999,1424.1358,1426.8799,1423.6538999999998,1416.6803,1408.0893,1400.0643999999998,1394.8396000000002,1395.4068,1401.2173999999998,1408.7469999999998,1414.4999000000003,1415.1058,1410.9626,1404.7536,1396.3949,1385.7262,1372.6898999999999,1357.2692,1339.2034
Rwanda,RWA,1159.5704,1163.1553,1165.8065000000001,1167.4781,1168.9732,1169.7575000000002,1168.3452000000002,1165.5983,1161.9616999999998,1158.2716,1155.0351000000005,1152.9196000000002,1151.7501,1151.0774,1149.8903,1148.2217,1144.8758,1140.5729,1136.3926,1133.553,1132.8859,1133.843,1134.9071999999999,1135.9451,1136.7274,1137.8907000000002,1138.5072,1139.0088
Saint Lucia,LCA,1138.9705,1141.0702,1142.8778,1144.5321,1145.9941999999999,1147.0258,1148.1273,1149.9125,1151.8082,1153.1734,1154.0539999999999,1154.4682999999998,1155.0782000000002,1155.7106,1156.3556,1156.9271999999999,1157.7413,1158.3814,1159.3374000000001,1160.2337000000002,1160.7958,1161.4234,1161.7024000000001,1162.0134999999998,1162.2255,1162.2560999999998,1162.1704,1162.2360999999999
Saint Vincent and the Grenadines,VCT,1115.9021,1119.2258000000002,1122.7286,1125.8973,1128.8362,1131.5018999999998,1134.6092,1138.5720000000001,1142.6526000000001,1146.4218,1149.2571,1151.8907000000002,1154.7314000000001,1157.6992,1160.3864,1162.1632000000002,1163.3479,1164.436,1165.3809999999999,1166.0833,1167.0472,1167.8415,1168.8877,1170.2387999999999,1171.6437,1173.1674999999998,1174.9701999999997,1176.8885
Samoa,WSM,904.6777000000001,905.7262,906.6222,907.1009,907.7013000000001,907.6351000000001,907.7302,907.7321,907.4647000000001,907.0462,906.8629000000001,906.529,906.3599999999999,906.1329,906.0627999999999,905.9024000000001,906.4526000000002,907.6857000000001,909.017,910.3514,910.8407000000002,910.8978000000001,910.7587000000002,910.3481,909.7448,908.9256999999999,908.0672000000001,907.0528999999999
Sao Tome and Principe,STP,839.7026000000001,838.4458999999999,837.1691000000001,836.1591,835.4571000000001,835.5047000000001,835.6577,835.9287999999999,836.2632,836.5991,836.9059999999997,837.5967,839.2322,841.2318000000002,843.1598999999999,844.4474999999998,844.7330999999999,844.9684999999998,844.9176,845.0888999999997,845.4386999999998,846.0246999999999,846.8366,847.902,849.2326999999999,850.9030999999999,852.7538999999999,854.9240000000001
Saudi Arabia,SAU,1132.2609000000002,1132.2377,1132.5224999999998,1133.1531999999997,1134.0431999999998,1135.5825,1137.4634,1139.5631,1141.6326999999999,1143.8073,1145.5168,1147.1109000000001,1148.8158999999998,1150.7263999999998,1152.3041999999998,1153.7432000000001,1156.4956,1161.0161,1166.4054999999998,1171.9032000000002,1175.8678,1179.3207,1182.6268,1186.2038,1189.8811,1193.0349,1196.2771,1199.4066999999998
Scotland,,,,,,,,,,,,,,,,,,,,,,,,,,,,,
Senegal,SEN,850.1838,851.1554,852.0043,852.3693999999998,852.7049999999998,852.985,852.4909000000001,851.1409,849.3951000000001,847.9241999999999,847.1789,847.0438999999999,847.0693,847.2108000000001,847.3526,847.4736999999999,847.5631,847.8203000000001,848.1630999999999,848.3167000000003,848.6891,849.4521999999998,850.491,851.8607000000001,854.0385000000002,856.1427999999999,858.7317999999999,861.6653999999999
Serbia,SRB,957.4445000000001,957.6563,957.6677000000002,957.5033,956.9625,956.4239000000001,955.4054000000001,953.2863000000001,951.1689000000001,949.0926,948.1528999999999,948.4438,949.4884000000001,951.0329,952.4585000000001,953.2871,953.9345000000001,954.6492000000001,955.2984000000002,955.8159,956.0381,955.8992000000001,955.7113,955.4241,954.8487000000002,954.2036999999999,953.3613,952.133
Seychelles,SYC,874.2556,875.9401,877.6566000000001,879.3814000000001,880.8624000000001,882.0908,883.7681999999999,885.7579999999998,887.7381999999999,889.2274000000001,890.4155000000001,890.4856,890.6109999999999,890.4420999999999,890.2430000000002,889.8562000000001,888.969,887.7969999999999,886.6293999999999,885.4300999999999,884.7224999999999,884.3756999999998,884.1193999999999,884.0080999999998,883.7600000000001,883.9027,884.1220000000001,884.618
Sierra Leone,SLE,855.0944000000002,856.1807,857.4357999999997,858.5212,859.9394999999998,861.0858000000001,862.2986000000001,863.7316000000001,865.4512000000002,867.1381,868.6573999999999,869.8606000000002,871.12,872.2345,873.3969,873.9409,874.5582,875.0548999999999,875.5184999999999,876.015,876.1303999999999,876.3097,876.4639000000002,877.0438000000001,877.4255999999999,878.0506,878.6181000000001,879.5123000000001
Singapore,SGP,1022.8512000000001,1027.188,1031.2155,1034.5387,1036.7421,1037.4348,1037.3507,1038.1256999999998,1038.6471000000001,1038.5868999999998,1037.5276,1032.6393,1023.7498999999998,1013.6651999999999,1005.3977,1001.0124,1000.1202,999.9430999999998,1000.3725,1001.1915,1002.2957,1003.5397999999999,1004.9545999999999,1006.5020000000002,1008.0917000000001,1009.7797999999998,1011.2792,1013.3170000000001
Slovakia,SVK,1002.8686999999999,1003.8458,1004.6118,1004.7328,1005.0174999999998,1005.0346999999999,1004.6742000000002,1003.0704999999999,1001.4035,1000.0382999999999,999.1307000000002,1000.0717000000002,1002.1211,1004.6371999999999,1006.9884999999999,1008.1578,1009.1133,1010.1948000000001,1011.3908,1012.3874000000001,1013.1595000000002,1013.6197999999999,1014.1726000000001,1014.7900999999999,1015.5173,1016.5108999999999,1017.3099000000001,1018.1410000000001
Slovenia,SVN,1084.3928999999998,1088.3347999999999,1091.2766,1093.4494,1095.3127000000002,1096.3256,1095.8703000000003,1093.3156,1089.8317,1086.1509000000003,1083.8152,1083.4842999999998,1084.6323,1086.2769,1087.2336,1086.3399,1084.0780000000002,1080.6309,1077.225,1074.371,1071.7596,1070.0466999999999,1068.5784999999998,1067.1466,1065.9276,1065.1585999999998,1064.4401,1064.2733
Solomon Islands,SLB,879.6012999999999,881.7850999999998,883.5249,885.338,886.6089000000001,887.4490000000001,887.7542000000001,888.3653999999999,888.7277000000001,888.9777,889.0665,888.8813,888.0524000000003,887.1894,886.3939,886.1545,886.8596999999999,888.1059999999999,889.7688,891.1245,892.2108000000001,892.6670999999999,893.0452000000001,893.3051,893.5987000000002,893.7647,893.8458,893.8584999999999
Somalia,SOM,1009.1767,1010.8755000000001,1012.2484999999999,1013.3542999999997,1014.4253,1015.1773999999999,1015.8475,1016.2549999999999,1016.3756,1016.9651,1017.3322000000002,1017.3906000000001,1016.9472000000001,1016.3922,1015.8675000000001,1015.9336000000001,1016.3579999999998,1016.8022,1017.2873999999999,1017.7799999999997,1018.2751,1018.9774000000001,1019.5817,1020.4302999999999,1021.3674000000001,1022.3272000000002,1023.4483,1024.4160999999997
South Africa,ZAF,1158.3796,1162.2762000000002,1165.4284000000002,1167.8079,1169.3354,1170.1031,1169.6192000000003,1167.8675999999998,1165.5233999999998,1163.1806,1161.4428,1160.0144,1158.4915,1156.8165,1155.0876,1153.4174,1151.6261,1149.4174999999998,1147.0777999999998,1144.7805,1142.7376000000002,1140.8082000000002,1138.5204,1135.904,1133.1737,1130.2789999999998,1127.3203,1124.3982
South Asia,,,,,,,,,,,,,,,,,,,,,,,,,,,,,
South Korea,KOR,1050.9444,1054.8492999999999,1058.4005,1061.7068,1064.2204,1066.0605,1068.3912,1071.3071,1074.3762999999997,1077.2707,1079.2837000000002,1079.9234000000001,1080.5409,1081.0319000000002,1081.465,1082.5602,1084.4941000000001,1087.0429,1090.1133000000002,1093.4029,1096.3591999999999,1098.8956,1101.4220000000003,1103.6984,1106.1175999999998,1108.3291,1110.6777000000002,1112.8614
South Sudan,SSD,999.2720999999999,999.6479000000003,1000.0503999999999,1000.5173999999998,1000.8277,1001.423,1002.2879,1003.4747,1004.8343,1006.2739000000001,1007.4797999999998,1008.1841,1008.4739000000002,1008.6304,1008.6240999999999,1009.2546000000001,1010.101,1011.2854,1012.2306,1013.6383999999999,1014.5725000000001,1015.4283,1016.3981,1017.6624999999999,1018.8651,1020.3149999999999,1021.7326,1023.2123
Southeast Asia,,,,,,,,,,,,,,,,,,,,,,,,,,,,,
"Southeast Asia, East Asia, and Oceania",,,,,,,,,,,,,,,,,,,,,,,,,,,,,
Southern Latin America,,,,,,,,,,,,,,,,,,,,,,,,,,,,,
Southern Sub-Saharan Africa,,,,,,,,,,,,,,,,,,,,,,,,,,,,,
Spain,ESP,1272.5657,1266.8143,1261.9704999999997,1258.2901999999997,1256.4593999999997,1256.5173,1256.3144000000002,1254.5693999999999,1252.5101,1250.7887999999998,1250.6915999999999,1251.9704000000002,1254.1845,1256.9027,1260.0719,1263.1157999999998,1268.7658000000001,1278.2884,1288.6196000000002,1297.1063,1301.4565,1302.9273000000003,1304.7764,1306.9609999999998,1309.1448,1311.7858999999999,1314.0734000000002,1316.1591
Sri Lanka,LKA,947.734,955.6134999999999,962.3288000000001,967.6247999999998,971.7993000000001,974.2797,974.9431,972.8298000000001,969.5054000000001,965.8371999999999,962.8897999999999,960.7710000000001,958.7107,957.1249,955.4638000000001,953.7328,951.6749000000001,949.6231999999999,947.4341999999999,945.6297,944.0628999999999,943.2098000000001,942.2332000000001,941.4558,940.7531000000001,940.1692,939.7548999999999,939.5187
Sub-Saharan Africa,,,,,,,,,,,,,,,,,,,,,,,,,,,,,
Sudan,SDN,1140.4086,1141.8476999999998,1143.1564,1144.4077,1145.4549,1146.1418,1146.9185000000002,1147.4757,1148.0838999999999,1148.7008,1148.896,1149.2070999999999,1149.7724,1150.3841,1151.2664,1152.0071,1153.8499,1157.4017,1161.4,1165.1694,1168.1355,1170.1261,1172.3042000000003,1174.2127999999998,1176.033,1177.7614,1179.259,1180.5486
Suriname,SUR,1177.1464999999998,1182.0932999999998,1186.9169,1191.1937999999998,1194.8434,1197.6947,1200.0149000000001,1202.1336000000001,1204.2281999999998,1206.0897,1208.2116999999998,1210.2302000000002,1212.9975,1215.9627999999998,1218.9672,1221.7259000000004,1224.6002999999998,1227.7018999999998,1231.2175,1234.0783,1235.619,1236.5927,1237.3017,1237.9091,1237.9533999999999,1238.039,1237.6393,1236.9278
Swaziland,SWZ,1053.3263,1057.6148000000003,1061.5073000000002,1064.8683,1067.9863,1070.0683999999999,1071.9194,1073.9180999999999,1076.0222999999999,1078.1659,1079.6006,1080.937,1082.0453,1083.3749,1084.5573,1085.8468999999998,1087.7497999999998,1090.1255000000003,1092.8081,1095.0789000000002,1096.9386,1098.1675999999998,1099.1439,1100.1135,1100.6679000000001,1100.8539000000003,1101.1837,1100.9078
Sweden,SWE,1418.4232,1426.5077,1432.2546000000002,1435.7055999999998,1437.7739000000001,1438.0870000000002,1433.9852,1424.7045999999996,1413.6323,1404.1499999999999,1400.2367,1400.7761999999998,1402.2522000000001,1404.3374000000001,1406.3935,1407.623,1409.8492,1413.5081,1417.5183,1420.8100999999997,1422.0948,1421.5274,1420.1916,1418.1197000000002,1415.0774000000001,1411.1687,1406.0978,1400.0551
Switzerland,CHE,1388.0912,1390.436,1392.4797,1393.5429,1393.9398,1393.6384999999998,1392.3295,1390.1323,1386.9906,1383.8898,1380.4116,1377.2590999999998,1373.6139,1370.5178999999998,1366.7717000000002,1362.1352999999997,1356.5826,1349.8337999999999,1342.9455,1336.9471000000003,1333.2511,1330.9072000000003,1328.8932,1327.2516,1325.9024000000002,1324.9026999999999,1324.4707,1324.3813000000002
Syria,SYR,1141.9963999999998,1141.4645999999998,1141.0847,1140.966,1141.1801,1142.1059,1143.4217999999998,1145.1327,1146.7123,1148.1964,1149.0358,1149.7440000000001,1150.5769000000003,1151.4993000000002,1152.1984,1153.1126,1154.7402,1157.5465,1161.116,1164.2857,1167.0281,1169.1588,1171.5253999999998,1173.787,1176.2555,1179.1322999999998,1181.9772,1184.7724
Taiwan,TWN,950.2098999999998,952.0598,954.0611000000004,956.1073999999999,958.2060000000002,960.5506999999999,963.1852,966.5174999999999,969.8465000000001,973.2613000000001,976.5517999999998,980.0083000000003,984.4464999999999,989.4202,993.9821999999999,998.0709,1001.4469,1005.0170999999999,1008.6196,1012.0127999999999,1014.7529999999999,1017.4891000000001,1020.1781,1022.9171999999998,1025.4431,1027.9947,1030.7136,1033.1858
Tajikistan,TJK,879.6113999999999,880.4665,880.9259000000001,880.7458999999999,880.2733000000001,879.2045999999999,877.0596,873.7669000000001,870.241,867.0539999999999,865.1427,864.6343999999999,864.5446000000001,865.0083999999998,865.5177,865.9327000000002,866.8578,868.1669999999999,869.8235,871.3803000000001,872.1505999999999,872.4402,872.5703,872.6288999999999,872.3224000000001,871.784,871.0933000000001,870.092
Tanzania,TZA,1020.4558999999999,1021.3825,1022.0607,1022.5205000000001,1022.6236,1022.7617,1022.5336000000002,1022.3264999999999,1022.0525999999999,1021.6999999999999,1020.9662,1020.4537999999999,1019.7636999999999,1018.9565999999999,1018.3779,1018.0935,1017.6270000000001,1017.3949,1017.2006,1017.6027,1018.4407,1019.5992000000001,1020.9726999999999,1022.5371999999999,1024.5568,1026.5604,1028.8577,1031.2121
Thailand,THA,866.341,870.0111,873.7272999999999,877.7331,881.7826000000001,885.3058,890.1990999999999,897.0818000000003,904.0008,909.8711000000002,913.2620999999999,914.7928,915.5443999999999,916.2363,916.8009,916.4421000000002,914.5991,910.6685,906.1786,902.5228000000002,900.6988,901.0528,901.6835000000001,902.5832,904.1778000000002,905.9667,908.8457999999999,912.481
Timor,TLS,861.7658,862.8901000000002,863.5791999999999,864.4914999999999,865.2788,865.8522999999999,865.8723000000001,864.9521,863.6326,862.3151,861.2838,860.5237999999999,859.3494000000001,858.5593999999998,857.8832999999998,857.0477999999999,856.9644,857.6607,858.8458,860.0978999999999,860.7874999999999,861.3140999999999,861.9625,862.5602000000001,863.0129999999999,863.7745000000001,864.1033,864.6193999999999
Togo,TGO,871.1027,872.1318,873.0715,874.1313999999999,875.1141000000001,876.2308,877.4709000000001,879.05,880.6007999999999,881.9992,883.1664999999998,883.9146,884.4705000000001,885.1022999999999,885.6008,885.8606999999998,886.3245999999999,886.8179000000001,887.4066000000003,887.7713,888.1641999999999,888.3380000000001,888.6522,889.29,890.0250000000001,890.5869999999999,891.3895000000001,892.4092999999998
Tonga,TON,874.0923,874.8904999999999,875.7348000000001,876.5586000000001,877.1306000000001,877.7519999999998,878.3573000000001,878.9505999999998,879.6217,880.3221,880.8219999999997,881.2965,881.9171000000001,882.8052,883.6442999999999,884.1782000000002,884.9581000000001,886.2405999999999,887.5145999999999,888.7895000000001,889.7518,890.3531999999999,891.087,891.6734,892.2843,892.9871,893.5858000000001,894.0065
Trinidad and Tobago,TTO,1167.8478,1165.9917000000003,1164.0394999999999,1162.5801,1161.7837,1161.4769000000001,1161.4054999999998,1160.9674,1160.6792,1160.5385,1160.9407,1161.9702,1163.5372999999995,1165.7113000000002,1168.3075999999999,1170.6404,1173.6895,1177.7226999999998,1182.1662999999999,1185.7895000000005,1187.7901,1188.5012,1188.9782000000002,1189.1812,1189.3655,1188.9692999999997,1188.3691000000003,1187.4264
Tropical Latin America,,,,,,,,,,,,,,,,,,,,,,,,,,,,,
Tunisia,TUN,1185.5182,1188.2321,1191.0519,1193.9482000000003,1196.9784,1199.9606,1203.2424999999998,1207.1988999999999,1211.1479,1214.6883999999998,1217.6358999999998,1219.9681,1222.0289,1223.9975,1226.4128,1228.4453999999998,1231.1817,1235.0186,1239.2640000000001,1243.2962,1246.1590999999999,1248.1051000000002,1249.9602,1252.0743,1253.7682999999997,1255.4305000000002,1256.7009999999998,1258.0391999999995
Turkey,TUR,1080.5951,1078.8686999999998,1077.748,1077.0896999999998,1077.4513000000002,1078.2154999999998,1080.8584,1085.2372000000003,1090.4286,1095.6365999999998,1099.3607000000006,1102.7784,1106.6380000000001,1110.7038,1113.9576,1115.3693,1116.6314,1118.8308,1121.2059,1123.4641000000001,1124.9938000000002,1126.275,1127.4247,1128.6475,1129.744,1130.5531,1131.6592000000003,1132.4823000000001
Turkmenistan,TKM,927.8779999999999,931.0577000000001,934.0111999999999,937.1288,939.7871000000001,942.1614999999998,944.7628999999997,947.7096,951.0437,953.8208,956.0321999999999,957.6001000000002,959.3087999999999,961.1127,962.7920999999999,964.7053000000001,967.1424,970.4970000000001,974.2565000000002,977.3068999999999,978.9654,978.7546,977.0384,973.4994000000002,968.5059000000001,961.991,954.2834,945.3425
Uganda,UGA,1104.4442,1110.5448000000001,1116.7088999999999,1122.8103,1128.4596999999997,1133.841,1140.0406,1147.1922000000002,1154.2764,1159.6352,1162.2630000000001,1162.3421,1161.5126,1160.2201999999997,1158.5994,1157.2757,1154.9044,1150.3764,1144.7286,1139.587,1135.9668,1133.0859999999998,1130.2603,1127.491,1124.9829,1122.4241,1119.8545,1117.3409
Ukraine,UKR,1398.4550000000002,1406.5607,1413.9409000000003,1420.3193,1425.3026000000002,1428.6827999999998,1431.4234999999996,1434.3711,1436.5892,1437.6682000000005,1436.5551,1431.6518,1422.7126,1412.2118,1402.3035,1395.5351000000003,1391.2191000000003,1387.6553,1384.7404999999999,1382.3461,1380.3651,1378.1270000000002,1375.1031,1371.0274,1366.1379,1360.5533,1353.9502,1346.3634999999997
United Arab Emirates,ARE,1132.9765000000002,1139.1525000000001,1144.9932999999999,1151.116,1157.1027000000001,1163.2999,1169.9245999999998,1177.2893,1183.9786,1189.7350000000001,1193.5368,1195.5707,1197.1171000000002,1198.5644,1199.9704,1200.6978000000004,1202.7656,1206.7911000000001,1211.5085,1215.6729,1216.455,1215.753,1214.7222,1214.06,1212.9897,1211.7281,1210.5936000000002,1209.2133
United Kingdom,GBR,1350.0114999999998,1355.9477,1361.737,1367.0984999999998,1371.8687000000002,1375.8317999999995,1380.0721999999998,1385.4968000000001,1391.194,1396.3155,1399.8889999999997,1401.5072999999998,1402.0972000000002,1402.424,1403.1501,1404.9747999999997,1409.5971000000002,1417.0270999999998,1425.0694999999998,1431.4714999999997,1433.8972999999999,1433.4023999999997,1432.6795999999997,1431.5587000000003,1430.0707000000002,1428.1034999999997,1425.5444,1422.3281
United States,USA,1725.9299,1716.5421000000003,1710.5696,1707.6178,1707.4333,1709.5323,1721.8266999999998,1746.6259,1775.8413999999998,1801.6158000000003,1815.5825,1820.9071,1825.5726000000002,1829.7078,1832.9344,1835.2341,1832.1864,1822.3873999999998,1810.2932000000003,1800.1826999999998,1796.63,1798.5720999999999,1802.2993,1807.7823999999998,1814.9199999999998,1823.7269999999996,1834.0493,1846.1197999999997
United States Virgin Islands,VIR,1181.0144,1186.1231,1190.9807,1195.0831999999998,1198.7668,1201.4853,1203.3203000000003,1204.8535,1206.2228,1207.449,1209.1698999999999,1211.9085999999998,1215.856,1220.0835,1224.0629,1226.7167000000002,1228.7121000000002,1230.4045,1231.9172,1232.7847,1233.1625999999999,1233.1410999999998,1233.1985,1233.1752,1233.0309,1232.6192,1232.0707,1231.4941
Uruguay,URY,1269.1689000000001,1268.4565,1268.3802,1268.5683999999999,1269.2563,1270.6593,1272.9405,1276.3861,1280.4398999999999,1284.0769999999998,1286.9061999999997,1289.3721,1291.9747999999997,1294.7502,1297.4073000000003,1299.7370999999998,1303.0644000000002,1308.5593,1314.7317,1320.4252999999999,1324.2686,1326.8447000000003,1329.7278000000001,1332.7089,1335.6856,1338.3428,1340.8576,1343.3964
Uzbekistan,UZB,918.3621,922.4252999999999,925.7896999999999,928.4217,929.9677000000001,930.3023000000001,929.5245000000001,928.0437999999999,926.0378,924.1079000000001,922.3866999999999,921.0105000000001,919.5025999999999,917.6826999999998,915.5628999999999,913.0807999999998,909.4265999999999,903.7852000000001,897.7965000000002,892.4763,889.8009,888.5285999999999,887.2183,885.8395,884.7466000000001,883.8317000000001,883.1123999999999,882.8123999999998
Vanuatu,VUT,885.9077000000001,888.3012999999997,890.1983000000001,891.9838000000001,893.138,893.7978999999999,893.9548000000001,893.8989,893.9947000000001,893.8514,893.8128999999999,893.6589,893.2841999999999,892.9244,892.6978999999999,892.8559999999999,893.5615000000001,894.7243,896.1255,897.5094000000001,898.3585999999999,898.8077000000002,899.3628999999997,899.7251000000001,899.9734000000001,900.0382999999998,900.3374,900.2973000000001
Venezuela,VEN,884.1879000000001,885.9755,887.8131999999998,889.3899000000001,890.4896000000001,891.4201999999999,891.3426000000001,890.0226,888.2184,886.4856999999998,885.3264999999999,884.2794999999999,882.6924999999999,881.0986999999998,879.8966999999999,879.3697000000001,880.1796,882.6103000000002,885.6265000000001,888.5044000000001,890.0459,890.9312,891.9378000000002,892.8630000000002,893.9997,894.9281000000001,895.7206000000001,896.5389
Vietnam,VNM,791.777,792.3904,793.1048999999999,793.75,794.5565,795.1586,795.8968,796.9709999999999,798.4390999999999,799.8654000000001,800.8939000000001,801.6279,802.0731,802.6346,803.1749000000002,804.0307,805.9884000000001,809.3772000000001,813.289,816.8049999999998,818.9729,820.1779,821.6218,823.1705000000002,824.882,826.7793000000001,828.5724000000001,830.5102999999998
Wales,,,,,,,,,,,,,,,,,,,,,,,,,,,,,
Western Europe,,,,,,,,,,,,,,,,,,,,,,,,,,,,,
Western Sub-Saharan Africa,,,,,,,,,,,,,,,,,,,,,,,,,,,,,
World,OWID_WRL,1067.2764000000002,1068.1250000000002,1068.9595,1069.6416,1070.1231,1070.2198,1071.2829,1073.8508,1076.8403,1079.2821000000001,1080.0355,1079.2956,1077.9982,1076.5122000000001,1075.1761999999999,1074.1502,1072.6951,1070.2794000000001,1067.581,1065.3199,1063.9436999999998,1063.4112999999998,1062.9234,1062.4485,1062.0044000000003,1061.4819,1061.0999,1060.7465
Yemen,YEM,1151.9604,1153.9098,1155.8601,1157.8536000000001,1159.3006000000003,1160.8478000000002,1162.5123,1164.2063,1166.0003,1167.5523,1168.5684,1169.5171,1170.1843999999999,1171.1346,1172.2148,1173.2624999999998,1175.3256000000001,1178.8002999999999,1182.8084999999999,1186.4549000000002,1189.0039,1190.6200000000001,1192.0909000000001,1193.5143999999998,1194.4649,1195.2166,1195.9744,1195.8687
Zambia,ZMB,1014.1009999999998,1017.6617000000002,1020.459,1022.4823000000001,1023.8267000000001,1024.2509,1023.0448000000001,1020.1716,1016.4621999999999,1013.1264,1011.4164000000002,1010.7592999999999,1010.1616999999999,1009.4685000000001,1009.1098999999999,1008.8711999999998,1008.6224,1008.2226999999999,1007.8457999999999,1007.7436000000001,1008.1192,1009.2080000000001,1011.2154,1013.8543999999998,1017.2734999999999,1020.9915,1025.6650000000002,1030.5346
Zimbabwe,ZWE,920.9973,924.2624,927.317,929.8408000000001,931.9779,933.6009,934.3479999999998,933.9506,933.2394,932.5066999999999,931.8587,931.1406999999999,930.3610000000001,929.2935000000001,928.4055000000001,928.2486000000001,928.6913000000001,929.8937999999998,931.265,932.7503999999999,933.9408000000001,934.8713,936.4363000000001,938.1192,940.1313999999998,942.6247999999999,945.2773000000001,948.0954000000002
